1536776860,0x000000a4
1536776860,0x000000a4
1536776860,0x000000a4
1536776860,0x000000a4
1536776860,0x000000a4
1536776860,0x000000a4
1536776860,0x000000a4
1536776860,0x000000a4
1536776860,0x0000003d
1536776860,0x000000a4
1536776860,0x000000a4
1536776860,0x000000a4
1536776860,0x000000a4
1536776860,0x000000a4
1536776860,0x000000a4
1536776860,0x000000a4
1536776860,0x000000a4
1536776860,0x000000a4
1536776860,0x000000a4
1536776860,0x000000a4
1536776860,0x0000007c
1536776860,0x000000a4
1536776860,0x000000a4
1536776860,0x000000a4
1536776860,0x0000003d
1536776860,0x000000a4
1536776860,0x0000003d
1536776860,0x000000a4
1536776860,0x000000a4
1536776860,0x000000a4
1536776860,0x000000a4
1536776860,0x000000a4
1536776860,0x000000a4
1536776860,0x000000a4
1536776860,0x0000003d
1536776860,0x000000a4
1536776860,0x000000a4
1536776860,0x000000a4
1536776860,0x000000a4
1536776860,0x00000034
1536776860,0x0000003e
1536776860,0x000000a4
1536776860,0x000000a4
1536776860,0x000000a4
1536776860,0x000000a4
1536776860,0x000000a4
1536776860,0x000000a4
1536776860,0x000000a4
1536776860,0x000000a4
1536776860,0x000000a4
1536776860,0x000000a4
1536776860,0x000000a4
1536776860,0x000000a4
1536776860,0x000000a4
1536776860,0x000000a4
1536776860,0x000000a4
1536776860,0x000000a4
1536776860,0x0000003d
1536776860,0x000000a4
1536776860,0x000000a4
1536776860,0x000000a4
1536776860,0x000000a4
1536776860,0x000000a4
1536776860,0x000000a4
1536776860,0x000000a4
1536776860,0x000000a4
1536776860,0x000000a4
1536776860,0x000000a4
1536776860,0x000000a4
1536776860,0x0000007c
1536776860,0x000000a4
1536776860,0x000000a4
1536776860,0x000000a4
1536776860,0x0000003d
1536776860,0x000000a4
1536776860,0x0000003d
1536776860,0x000000a4
1536776860,0x000000a4
1536776860,0x000000a4
1536776860,0x000000a4
1536776860,0x000000a4
1536776860,0x000000a4
1536776860,0x000000a4
1536776860,0x0000003d
1536776860,0x000000a4
1536776860,0x000000a4
1536776860,0x000000a4
1536776860,0x000000a4
1536776860,0x00000034
1536776860,0x0000003e
1536776860,0x000000a4
1536776860,0x000000a4
1536776860,0x000000a4
1536776860,0x000000a4
1536776860,0x000000a4
1536776860,0x000000a4
1536776860,0x000000a4
1536776860,0x000000a4
1536776860,0x000000a4
1536776860,0x000000a4
1536776860,0x000000a4
1536776860,0x000000a4
1536776860,0x000000a4
1536776860,0x000000a4
1536776860,0x000000a4
1536776860,0x000000a4
1536776860,0x0000003d
1536776860,0x000000a4
1536776860,0x000000a4
1536776860,0x000000a4
1536776860,0x000000a4
1536776860,0x000000a4
1536776860,0x000000a4
1536776860,0x000000a4
1536776860,0x000000a4
1536776860,0x000000a4
1536776860,0x000000a4
1536776860,0x000000a4
1536776860,0x0000003e
1536776860,0x000000a4
1536776860,0x000000a4
1536776860,0x000000a4
1536776860,0x0000003d
1536776860,0x000000a4
1536776860,0x0000003d
1536776860,0x000000a4
1536776860,0x000000a4
1536776860,0x000000a4
1536776860,0x000000a4
1536776860,0x000000a4
1536776860,0x000000a4
1536776860,0x000000a4
1536776860,0x0000003d
1536776860,0x000000a4
1536776860,0x000000a4
1536776860,0x000000a4
1536776860,0x000000a4
1536776860,0x00000034
1536776860,0x0000003e
1536776860,0x000000a4
1536776860,0x000000a4
1536776860,0x000000a4
1536776860,0x000000a4
1536776860,0x000000a4
1536776860,0x000000a4
1536776860,0x000000a4
1536776860,0x000000a4
1536776860,0x000000a4
1536776860,0x000000a4
1536776860,0x000000a4
1536776860,0x000000a4
1536776860,0x000000a4
1536776860,0x000000a4
1536776860,0x000000a4
1536776860,0x000000a4
1536776860,0x0000003d
1536776860,0x000000a4
1536776860,0x000000a4
1536776860,0x000000a4
1536776860,0x000000a4
1536776860,0x000000a4
1536776860,0x000000a4
1536776860,0x000000a4
1536776860,0x000000a4
1536776860,0x000000a4
1536776860,0x000000a4
1536776860,0x000000a4
1536776860,0x0000003e
1536776860,0x000000a4
1536776860,0x000000a4
1536776860,0x000000a4
1536776860,0x0000003d
1536776860,0x000000a4
1536776860,0x0000003d
1536776860,0x000000a4
1536776860,0x000000a4
1536776860,0x000000a4
1536776860,0x000000a4
1536776860,0x000000a4
1536776860,0x000000a4
1536776860,0x000000a4
1536776860,0x0000003d
1536776860,0x000000a4
1536776860,0x000000a4
1536776860,0x000000a4
1536776860,0x000000a4
1536776860,0x00000034
1536776860,0x0000003e
1536776860,0x000000a4
1536776860,0x000000a4
1536776860,0x000000a4
1536776860,0x000000a4
1536776860,0x000000a4
1536776860,0x000000a4
1536776860,0x000000a4
1536776860,0x000000a4
1536776860,0x000000a4
1536776860,0x000000a4
1536776860,0x000000a4
1536776860,0x000000a4
1536776860,0x000000a4
1536776860,0x000000a4
1536776860,0x000000a4
1536776860,0x000000a4
1536776860,0x0000003d
1536776860,0x000000a4
1536776860,0x000000a4
1536776860,0x000000a4
1536776860,0x000000a4
1536776860,0x000000a4
1536776860,0x000000a4
1536776860,0x000000a4
1536776860,0x000000a4
1536776860,0x000000a4
1536776860,0x000000a4
1536776860,0x000000a4
1536776860,0x0000003e
1536776860,0x000000a4
1536776860,0x000000a4
1536776860,0x000000a4
1536776860,0x0000003d
1536776860,0x000000a4
1536776860,0x0000003d
1536776860,0x000000a4
1536776860,0x000000a4
1536776860,0x000000a4
1536776860,0x000000a4
1536776860,0x000000a4
1536776860,0x000000a4
1536776860,0x000000a4
1536776860,0x0000003d
1536776860,0x000000a4
1536776860,0x000000a4
1536776860,0x000000a4
1536776860,0x000000a4
1536776860,0x00000034
1536776860,0x0000003e
1536776860,0x000000a4
1536776860,0x000000a4
1536776860,0x000000a4
1536776860,0x000000a4
1536776860,0x000000a4
1536776860,0x000000a4
1536776860,0x000000a4
1536776860,0x000000a4
1536776860,0x000000a4
1536776860,0x000000a4
1536776860,0x000000a4
1536776860,0x000000a4
1536776860,0x000000a4
1536776860,0x000000a4
1536776860,0x000000a4
1536776860,0x000000a4
1536776860,0x0000003d
1536776860,0x000000a4
1536776860,0x000000a4
1536776860,0x000000a4
1536776860,0x000000a4
1536776860,0x000000a4
1536776860,0x000000a4
1536776860,0x000000a4
1536776860,0x000000a4
1536776860,0x000000a4
1536776860,0x000000a4
1536776860,0x000000a4
1536776860,0x0000003e
1536776860,0x000000a4
1536776860,0x000000a4
1536776860,0x000000a4
1536776860,0x0000003d
1536776860,0x000000a4
1536776860,0x0000003d
1536776860,0x000000a4
1536776860,0x000000a4
1536776860,0x000000a4
1536776860,0x000000a4
1536776860,0x000000a4
1536776860,0x000000a4
1536776860,0x000000a4
1536776860,0x0000003d
1536776860,0x000000a4
1536776860,0x000000a4
1536776860,0x000000a4
1536776860,0x000000a4
1536776860,0x00000034
1536776860,0x0000003e
1536776860,0x000000a4
1536776860,0x000000a4
1536776860,0x000000a4
1536776860,0x000000a4
1536776860,0x000000a4
1536776860,0x000000a4
1536776860,0x000000a4
1536776860,0x000000a4
1536776860,0x000000a4
1536776860,0x000000a4
1536776860,0x000000a4
1536776860,0x000000a4
1536776860,0x000000a4
1536776860,0x000000a4
1536776860,0x000000a4
1536776860,0x000000a4
1536776860,0x0000003d
1536776860,0x000000a4
1536776860,0x000000a4
1536776860,0x000000a4
1536776860,0x000000a4
1536776860,0x000000a4
1536776860,0x000000a4
1536776860,0x000000a4
1536776860,0x000000a4
1536776860,0x000000a4
1536776860,0x000000a4
1536776860,0x000000a4
1536776860,0x0000003e
1536776860,0x000000a4
1536776860,0x000000a4
1536776860,0x000000a4
1536776860,0x0000003d
1536776860,0x000000a4
1536776860,0x0000003d
1536776860,0x000000a4
1536776860,0x000000a4
1536776860,0x000000a4
1536776860,0x000000a4
1536776860,0x000000a4
1536776860,0x000000a4
1536776860,0x000000a4
1536776860,0x0000003d
1536776860,0x000000a4
1536776860,0x000000a4
1536776860,0x000000a4
1536776860,0x000000a4
1536776860,0x00000034
1536776860,0x0000003e
1536776860,0x000000a4
1536776860,0x000000a4
1536776860,0x000000a4
1536776860,0x000000a4
1536776860,0x000000a4
1536776860,0x000000a4
1536776860,0x000000a4
1536776860,0x000000a4
1536776860,0x000000a4
1536776860,0x000000a4
1536776860,0x000000a4
1536776860,0x000000a4
1536776860,0x000000a4
1536776860,0x000000a4
1536776860,0x000000a4
1536776860,0x000000a4
1536776860,0x0000003d
1536776860,0x000000a4
1536776860,0x000000a4
1536776860,0x000000a4
1536776860,0x000000a4
1536776860,0x000000a4
1536776860,0x000000a4
1536776860,0x000000a4
1536776860,0x000000a4
1536776860,0x000000a4
1536776860,0x000000a4
1536776860,0x000000a4
1536776860,0x0000003e
1536776860,0x000000a4
1536776860,0x000000a4
1536776860,0x000000a4
1536776860,0x0000003d
1536776860,0x000000a4
1536776860,0x0000003d
1536776860,0x000000a4
1536776860,0x000000a4
1536776860,0x000000a4
1536776860,0x000000a4
1536776860,0x000000a4
1536776860,0x000000a4
1536776860,0x000000a4
1536776860,0x0000003d
1536776860,0x000000a4
1536776860,0x000000a4
1536776860,0x000000a4
1536776860,0x000000a4
1536776860,0x00000034
1536776860,0x0000003e
1536776860,0x000000a4
1536776860,0x000000a4
1536776860,0x000000a4
1536776860,0x000000a4
1536776860,0x000000a4
1536776860,0x000000a4
1536776860,0x000000a4
1536776860,0x000000a4
1536776860,0x000000a4
1536776860,0x000000a4
1536776860,0x000000a4
1536776860,0x000000a4
1536776860,0x000000a4
1536776860,0x000000a4
1536776860,0x000000a4
1536776860,0x000000a4
1536776860,0x0000003d
1536776860,0x000000a4
1536776860,0x000000a4
1536776860,0x000000a4
1536776860,0x000000a4
1536776860,0x000000a4
1536776860,0x000000a4
1536776860,0x000000a4
1536776860,0x000000a4
1536776860,0x000000a4
1536776860,0x000000a4
1536776860,0x000000a4
1536776860,0x0000003e
1536776860,0x000000a4
1536776860,0x000000a4
1536776860,0x000000a4
1536776860,0x0000003d
1536776860,0x000000a4
1536776860,0x0000003d
1536776860,0x000000a4
1536776860,0x000000a4
1536776860,0x000000a4
1536776860,0x000000a4
1536776860,0x000000a4
1536776860,0x000000a4
1536776860,0x000000a4
1536776860,0x0000003d
1536776860,0x000000a4
1536776860,0x000000a4
1536776860,0x000000a4
1536776860,0x000000a4
1536776860,0x00000034
1536776860,0x0000003e
1536776860,0x000000a4
1536776860,0x000000a4
1536776860,0x000000a4
1536776860,0x000000a4
1536776860,0x000000a4
1536776860,0x000000a4
1536776860,0x000000a4
1536776860,0x000000a4
1536776860,0x000000a4
1536776860,0x000000a4
1536776860,0x000000a4
1536776860,0x000000a4
1536776860,0x000000a4
1536776860,0x000000a4
1536776860,0x000000a4
1536776860,0x000000a4
1536776860,0x0000003d
1536776860,0x000000a4
1536776860,0x000000a4
1536776860,0x000000a4
1536776860,0x000000a4
1536776860,0x000000a4
1536776860,0x000000a4
1536776860,0x000000a4
1536776860,0x000000a4
1536776860,0x000000a4
1536776860,0x000000a4
1536776860,0x000000a4
1536776860,0x0000003e
1536776860,0x000000a4
1536776860,0x000000a4
1536776860,0x000000a4
1536776860,0x0000003d
1536776860,0x000000a4
1536776860,0x0000003d
1536776860,0x000000a4
1536776860,0x000000a4
1536776860,0x000000a4
1536776860,0x000000a4
1536776860,0x000000a4
1536776860,0x000000a4
1536776860,0x000000a4
1536776860,0x0000003d
1536776860,0x000000a4
1536776860,0x000000a4
1536776860,0x000000a4
1536776860,0x000000a4
1536776860,0x00000034
1536776860,0x0000003e
1536776860,0x000000a4
1536776860,0x000000a4
1536776860,0x000000a4
1536776860,0x000000a4
1536776860,0x000000a4
1536776860,0x000000a4
1536776860,0x000000a4
1536776860,0x000000a4
1536776860,0x000000a4
1536776860,0x000000a4
1536776860,0x000000a4
1536776860,0x000000a4
1536776860,0x000000a4
1536776860,0x000000a4
1536776860,0x000000a4
1536776860,0x000000a4
1536776860,0x0000003d
1536776860,0x000000a4
1536776860,0x000000a4
1536776860,0x000000a4
1536776860,0x000000a4
1536776860,0x000000a4
1536776860,0x000000a4
1536776860,0x000000a4
1536776860,0x000000a4
1536776860,0x000000a4
1536776860,0x000000a4
1536776860,0x000000a4
1536776860,0x0000003e
1536776860,0x000000a4
1536776860,0x000000a4
1536776860,0x000000a4
1536776860,0x0000003d
1536776860,0x000000a4
1536776860,0x0000003d
1536776860,0x000000a4
1536776860,0x000000a4
1536776860,0x000000a4
1536776860,0x000000a4
1536776860,0x000000a4
1536776860,0x000000a4
1536776860,0x000000a4
1536776860,0x0000003d
1536776860,0x000000a4
1536776860,0x000000a4
1536776860,0x000000a4
1536776860,0x000000a4
1536776860,0x00000034
1536776860,0x0000003e
1536776860,0x000000a4
1536776860,0x000000a4
1536776860,0x000000a4
1536776860,0x000000a4
1536776860,0x000000a4
1536776860,0x000000a4
1536776860,0x000000a4
1536776860,0x000000a4
1536776860,0x000000a4
1536776860,0x000000a4
1536776860,0x000000a4
1536776860,0x000000a4
1536776860,0x000000a4
1536776860,0x000000a4
1536776860,0x000000a4
1536776860,0x000000a4
1536776860,0x0000003d
1536776860,0x000000a4
1536776860,0x000000a4
1536776860,0x000000a4
1536776860,0x000000a4
1536776860,0x000000a4
1536776860,0x000000a4
1536776860,0x000000a4
1536776860,0x000000a4
1536776860,0x000000a4
1536776860,0x000000a4
1536776860,0x000000a4
1536776860,0x0000003e
1536776860,0x000000a4
1536776860,0x000000a4
1536776860,0x000000a4
1536776860,0x0000003d
1536776860,0x000000a4
1536776860,0x0000003d
1536776860,0x000000a4
1536776860,0x000000a4
1536776860,0x000000a4
1536776860,0x000000a4
1536776860,0x000000a4
1536776860,0x000000a4
1536776860,0x000000a4
1536776860,0x0000003d
1536776860,0x000000a4
1536776860,0x000000a4
1536776860,0x000000a4
1536776860,0x000000a4
1536776860,0x00000034
1536776860,0x0000003e
1536776860,0x000000a4
1536776860,0x000000a4
1536776860,0x000000a4
1536776860,0x000000a4
1536776860,0x000000a4
1536776860,0x000000a4
1536776860,0x000000a4
1536776860,0x000000a4
1536776860,0x000000a4
1536776860,0x000000a4
1536776860,0x000000a4
1536776860,0x000000a4
1536776860,0x000000a4
1536776860,0x000000a4
1536776860,0x000000a4
1536776860,0x000000a4
1536776860,0x0000003d
1536776860,0x000000a4
1536776860,0x000000a4
1536776860,0x000000a4
1536776860,0x000000a4
1536776860,0x000000a4
1536776860,0x000000a4
1536776860,0x000000a4
1536776860,0x000000a4
1536776860,0x000000a4
1536776860,0x000000a4
1536776860,0x000000a4
1536776860,0x0000003e
1536776860,0x000000a4
1536776860,0x000000a4
1536776860,0x000000a4
1536776860,0x0000003d
1536776860,0x000000a4
1536776860,0x0000003d
1536776860,0x000000a4
1536776860,0x000000a4
1536776860,0x000000a4
1536776860,0x000000a4
1536776860,0x000000a4
1536776860,0x000000a4
1536776860,0x000000a4
1536776860,0x0000003d
1536776860,0x000000a4
1536776860,0x000000a4
1536776860,0x000000a4
1536776860,0x000000a4
1536776860,0x00000034
1536776860,0x0000003e
1536776860,0x000000a4
1536776860,0x000000a4
1536776860,0x000000a4
1536776860,0x000000a4
1536776860,0x000000a4
1536776860,0x000000a4
1536776860,0x000000a4
1536776860,0x000000a4
1536776860,0x000000a4
1536776860,0x000000a4
1536776860,0x000000a4
1536776860,0x000000a4
1536776860,0x000000a4
1536776860,0x000000a4
1536776860,0x000000a4
1536776860,0x000000a4
1536776860,0x0000003d
1536776860,0x000000a4
1536776860,0x000000a4
1536776860,0x000000a4
1536776860,0x000000a4
1536776860,0x000000a4
1536776860,0x000000a4
1536776860,0x000000a4
1536776860,0x000000a4
1536776860,0x000000a4
1536776860,0x000000a4
1536776860,0x000000a4
1536776860,0x0000003e
1536776860,0x000000a4
1536776860,0x000000a4
1536776860,0x000000a4
1536776860,0x0000003d
1536776860,0x000000a4
1536776860,0x0000003d
1536776860,0x000000a4
1536776860,0x000000a4
1536776860,0x000000a4
1536776860,0x000000a4
1536776860,0x000000a4
1536776860,0x000000a4
1536776860,0x000000a4
1536776860,0x0000003d
1536776860,0x000000a4
1536776860,0x000000a4
1536776860,0x000000a4
1536776860,0x000000a4
1536776860,0x00000034
1536776860,0x0000003e
1536776860,0x000000a4
1536776860,0x000000a4
1536776860,0x000000a4
1536776860,0x000000a4
1536776860,0x000000a4
1536776860,0x000000a4
1536776860,0x000000a4
1536776860,0x000000a4
1536776860,0x000000a4
1536776860,0x000000a4
1536776860,0x000000a4
1536776860,0x000000a4
1536776860,0x000000a4
1536776860,0x000000a4
1536776860,0x000000a4
1536776860,0x000000a4
1536776860,0x0000003d
1536776860,0x000000a4
1536776860,0x000000a4
1536776860,0x000000a4
1536776860,0x000000a4
1536776860,0x000000a4
1536776860,0x000000a4
1536776860,0x000000a4
1536776860,0x000000a4
1536776860,0x000000a4
1536776860,0x000000a4
1536776860,0x000000a4
1536776860,0x0000003e
1536776860,0x000000a4
1536776860,0x000000a4
1536776860,0x000000a4
1536776860,0x0000003d
1536776860,0x000000a4
1536776860,0x0000003d
1536776860,0x000000a4
1536776860,0x000000a4
1536776860,0x000000a4
1536776859,0x000000a4
1536776859,0x000000a4
1536776859,0x000000a4
1536776859,0x000000a4
1536776859,0x0000003d
1536776859,0x000000a4
1536776859,0x000000a4
1536776859,0x000000a4
1536776859,0x000000a4
1536776859,0x00000034
1536776859,0x0000003e
1536776859,0x000000a4
1536776859,0x000000a4
1536776859,0x000000a4
1536776859,0x000000a4
1536776859,0x000000a4
1536776859,0x000000a4
1536776859,0x000000a4
1536776859,0x000000a4
1536776859,0x000000a4
1536776859,0x000000a4
1536776859,0x000000a4
1536776859,0x000000a4
1536776859,0x000000a4
1536776859,0x000000a4
1536776859,0x000000a4
1536776859,0x000000a4
1536776859,0x0000003d
1536776859,0x000000a4
1536776859,0x000000a4
1536776859,0x000000a4
1536776859,0x000000a4
1536776859,0x000000a4
1536776859,0x000000a4
1536776859,0x000000a4
1536776859,0x000000a4
1536776859,0x000000a4
1536776859,0x000000a4
1536776859,0x000000a4
1536776859,0x0000003e
1536776859,0x000000a4
1536776859,0x000000a4
1536776859,0x000000a4
1536776859,0x0000003d
1536776859,0x000000a4
1536776859,0x0000003d
1536776859,0x000000a4
1536776859,0x000000a4
1536776859,0x000000a4
1536776859,0x000000a4
1536776859,0x000000a4
1536776859,0x000000a4
1536776859,0x000000a4
1536776859,0x0000003d
1536776859,0x000000a4
1536776859,0x000000a4
1536776859,0x000000a4
1536776859,0x000000a4
1536776859,0x00000034
1536776859,0x0000003e
1536776859,0x000000a4
1536776859,0x000000a4
1536776859,0x000000a4
1536776859,0x000000a4
1536776859,0x000000a4
1536776859,0x000000a4
1536776859,0x000000a4
1536776859,0x000000a4
1536776859,0x000000a4
1536776859,0x000000a4
1536776859,0x000000a4
1536776859,0x000000a4
1536776859,0x000000a4
1536776859,0x000000a4
1536776859,0x000000a4
1536776859,0x000000a4
1536776859,0x0000003d
1536776859,0x000000a4
1536776859,0x000000a4
1536776859,0x000000a4
1536776859,0x000000a4
1536776859,0x000000a4
1536776859,0x000000a4
1536776859,0x000000a4
1536776859,0x000000a4
1536776859,0x000000a4
1536776859,0x000000a4
1536776859,0x000000a4
1536776859,0x0000003e
1536776859,0x000000a4
1536776859,0x000000a4
1536776859,0x000000a4
1536776859,0x0000003d
1536776859,0x000000a4
1536776859,0x0000003d
1536776859,0x000000a4
1536776859,0x000000a4
1536776859,0x000000a4
1536776859,0x000000a4
1536776859,0x000000a4
1536776859,0x000000a4
1536776859,0x000000a4
1536776859,0x000000a4
1536776859,0x000000a4
1536776859,0x000000a4
1536776859,0x000000a4
1536776859,0x00000034
1536776859,0x0000003e
1536776859,0x000000a4
1536776859,0x000000a4
1536776859,0x000000a4
1536776859,0x000000a4
1536776859,0x000000a4
1536776859,0x000000a4
1536776859,0x000000a4
1536776859,0x000000a4
1536776859,0x000000a4
1536776859,0x000000a4
1536776859,0x000000a4
1536776859,0x000000a4
1536776859,0x000000a4
1536776859,0x000000a4
1536776859,0x000000a4
1536776859,0x000000a4
1536776859,0x0000003d
1536776859,0x000000a4
1536776859,0x000000a4
1536776859,0x000000a4
1536776859,0x000000a4
1536776859,0x000000a4
1536776859,0x000000a4
1536776859,0x000000a4
1536776859,0x000000a4
1536776859,0x000000a4
1536776859,0x000000a4
1536776859,0x000000a4
1536776859,0x0000003e
1536776859,0x000000a4
1536776859,0x000000a4
1536776859,0x000000a4
1536776859,0x0000003d
1536776859,0x000000a4
1536776859,0x0000003d
1536776859,0x000000a4
1536776859,0x000000a4
1536776859,0x000000a4
1536776859,0x000000a4
1536776859,0x000000a4
1536776859,0x000000a4
1536776859,0x000000a4
1536776859,0x000000a4
1536776859,0x000000a4
1536776859,0x000000a4
1536776859,0x000000a4
1536776859,0x00000034
1536776859,0x0000003e
1536776859,0x000000a4
1536776859,0x000000a4
1536776859,0x000000a4
1536776859,0x000000a4
1536776859,0x000000a4
1536776859,0x000000a4
1536776859,0x000000a4
1536776859,0x000000a4
1536776859,0x000000a4
1536776859,0x000000a4
1536776859,0x000000a4
1536776859,0x000000a4
1536776859,0x000000a4
1536776859,0x000000a4
1536776859,0x000000a4
1536776859,0x000000a4
1536776859,0x0000003d
1536776859,0x000000a4
1536776859,0x000000a4
1536776859,0x000000a4
1536776859,0x000000a4
1536776859,0x000000a4
1536776859,0x000000a4
1536776859,0x000000a4
1536776859,0x000000a4
1536776859,0x000000a4
1536776859,0x000000a4
1536776859,0x000000a4
1536776859,0x0000003e
1536776859,0x000000a4
1536776859,0x000000a4
1536776859,0x000000a4
1536776859,0x0000003d
1536776859,0x000000a4
1536776859,0x0000003d
1536776859,0x000000a4
1536776859,0x000000a4
1536776859,0x000000a4
1536776859,0x000000a4
1536776859,0x000000a4
1536776859,0x000000a4
1536776859,0x000000a4
1536776859,0x000000a4
1536776859,0x000000a4
1536776859,0x000000a4
1536776859,0x000000a4
1536776859,0x00000034
1536776859,0x0000003e
1536776859,0x000000a4
1536776859,0x000000a4
1536776859,0x000000a4
1536776859,0x000000a4
1536776859,0x000000a4
1536776859,0x000000a4
1536776859,0x000000a4
1536776859,0x000000a4
1536776859,0x000000a4
1536776859,0x000000a4
1536776859,0x000000a4
1536776859,0x000000a4
1536776859,0x000000a4
1536776859,0x000000a4
1536776859,0x000000a4
1536776859,0x000000a4
1536776859,0x0000003d
1536776859,0x000000a4
1536776859,0x000000a4
1536776859,0x000000a4
1536776859,0x000000a4
1536776859,0x000000a4
1536776859,0x000000a4
1536776859,0x000000a4
1536776859,0x000000a4
1536776859,0x000000a4
1536776859,0x000000a4
1536776859,0x000000a4
1536776859,0x0000003e
1536776859,0x000000a4
1536776859,0x000000a4
1536776859,0x000000a4
1536776859,0x0000003d
1536776859,0x000000a4
1536776859,0x0000003d
1536776859,0x000000a4
1536776859,0x000000a4
1536776859,0x000000a4
1536776859,0x000000a4
1536776859,0x000000a4
1536776859,0x000000a4
1536776859,0x000000a4
1536776859,0x000000a4
1536776859,0x000000a4
1536776859,0x000000a4
1536776859,0x000000a4
1536776859,0x00000034
1536776859,0x0000003e
1536776859,0x000000a4
1536776859,0x000000a4
1536776859,0x000000a4
1536776859,0x000000a4
1536776859,0x000000a4
1536776859,0x000000a4
1536776859,0x000000a4
1536776859,0x000000a4
1536776859,0x000000a4
1536776859,0x000000a4
1536776859,0x000000a4
1536776859,0x000000a4
1536776859,0x000000a4
1536776859,0x000000a4
1536776859,0x000000a4
1536776859,0x000000a4
1536776859,0x0000003d
1536776859,0x000000a4
1536776859,0x000000a4
1536776859,0x000000a4
1536776859,0x000000a4
1536776859,0x000000a4
1536776859,0x000000a4
1536776859,0x000000a4
1536776859,0x000000a4
1536776859,0x000000a4
1536776859,0x000000a4
1536776859,0x000000a4
1536776859,0x0000003e
1536776859,0x000000a4
1536776859,0x000000a4
1536776859,0x000000a4
1536776859,0x0000003d
1536776859,0x000000a4
1536776859,0x0000003d
1536776859,0x000000a4
1536776859,0x000000a4
1536776859,0x000000a4
1536776859,0x000000a4
1536776859,0x000000a4
1536776859,0x000000a4
1536776859,0x000000a4
1536776859,0x000000a4
1536776859,0x000000a4
1536776859,0x000000a4
1536776859,0x000000a4
1536776859,0x00000034
1536776859,0x0000003e
1536776859,0x000000a4
1536776859,0x000000a4
1536776859,0x000000a4
1536776859,0x000000a4
1536776859,0x000000a4
1536776859,0x000000a4
1536776859,0x000000a4
1536776859,0x000000a4
1536776859,0x000000a4
1536776859,0x000000a4
1536776859,0x000000a4
1536776859,0x000000a4
1536776859,0x000000a4
1536776859,0x000000a4
1536776859,0x000000a4
1536776859,0x000000a4
1536776859,0x0000003d
1536776859,0x000000a4
1536776859,0x000000a4
1536776859,0x000000a4
1536776859,0x000000a4
1536776859,0x000000a4
1536776859,0x000000a4
1536776859,0x000000a4
1536776859,0x000000a4
1536776859,0x000000a4
1536776859,0x000000a4
1536776859,0x000000a4
1536776859,0x0000003e
1536776859,0x000000a4
1536776859,0x000000a4
1536776859,0x000000a4
1536776859,0x0000003d
1536776859,0x000000a4
1536776859,0x0000003d
1536776859,0x000000a4
1536776859,0x000000a4
1536776859,0x000000a4
1536776859,0x000000a4
1536776859,0x000000a4
1536776859,0x000000a4
1536776859,0x000000a4
1536776859,0x000000a4
1536776859,0x000000a4
1536776859,0x000000a4
1536776859,0x000000a4
1536776859,0x00000034
1536776859,0x0000003e
1536776859,0x000000a4
1536776859,0x000000a4
1536776859,0x000000a4
1536776859,0x000000a4
1536776859,0x000000a4
1536776859,0x000000a4
1536776859,0x000000a4
1536776859,0x000000a4
1536776859,0x000000a4
1536776859,0x000000a4
1536776859,0x000000a4
1536776859,0x000000a4
1536776859,0x000000a4
1536776859,0x000000a4
1536776859,0x000000a4
1536776859,0x000000a4
1536776859,0x0000003d
1536776859,0x000000a4
1536776859,0x000000a4
1536776859,0x000000a4
1536776859,0x000000a4
1536776859,0x000000a4
1536776859,0x000000a4
1536776859,0x000000a4
1536776859,0x000000a4
1536776859,0x000000a4
1536776859,0x000000a4
1536776859,0x000000a4
1536776859,0x0000003e
1536776859,0x000000a4
1536776859,0x000000a4
1536776859,0x000000a4
1536776859,0x0000003d
1536776859,0x000000a4
1536776859,0x0000003d
1536776859,0x000000a4
1536776859,0x000000a4
1536776859,0x000000a4
1536776859,0x000000a4
1536776859,0x000000a4
1536776859,0x000000a4
1536776859,0x000000a4
1536776859,0x000000a4
1536776859,0x000000a4
1536776859,0x000000a4
1536776859,0x000000a4
1536776859,0x00000034
1536776859,0x000000a4
1536776859,0x000000a4
1536776859,0x000000a4
1536776859,0x000000a4
1536776859,0x000000a4
1536776859,0x000000a4
1536776859,0x000000a4
1536776859,0x000000a4
1536776859,0x000000a4
1536776859,0x000000a4
1536776859,0x000000a4
1536776859,0x000000a4
1536776859,0x000000a4
1536776859,0x000000a4
1536776859,0x000000a4
1536776859,0x000000a4
1536776859,0x0000003d
1536776859,0x000000a4
1536776859,0x000000a4
1536776859,0x000000a4
1536776859,0x000000a4
1536776859,0x000000a4
1536776859,0x000000a4
1536776859,0x000000a4
1536776859,0x000000a4
1536776859,0x000000a4
1536776859,0x000000a4
1536776859,0x000000a4
1536776859,0x0000003e
1536776859,0x000000a4
1536776859,0x000000a4
1536776859,0x000000a4
1536776859,0x0000003d
1536776859,0x000000a4
1536776859,0x0000003d
1536776859,0x000000a4
1536776859,0x000000a4
1536776859,0x000000a4
1536776859,0x000000a4
1536776859,0x000000a4
1536776859,0x000000a4
1536776859,0x000000a4
1536776859,0x000000a4
1536776859,0x000000a4
1536776859,0x000000a4
1536776859,0x000000a4
1536776859,0x00000034
1536776859,0x000000a4
1536776859,0x000000a4
1536776859,0x000000a4
1536776859,0x000000a4
1536776859,0x000000a4
1536776859,0x000000a4
1536776859,0x000000a4
1536776859,0x000000a4
1536776859,0x000000a4
1536776859,0x000000a4
1536776859,0x000000a4
1536776859,0x000000a4
1536776859,0x000000a4
1536776859,0x000000a4
1536776859,0x000000a4
1536776859,0x000000a4
1536776859,0x0000003d
1536776859,0x000000a4
1536776859,0x000000a4
1536776859,0x000000a4
1536776859,0x000000a4
1536776859,0x000000a4
1536776859,0x000000a4
1536776859,0x000000a4
1536776859,0x000000a4
1536776859,0x000000a4
1536776859,0x000000a4
1536776859,0x000000a4
1536776859,0x0000003e
1536776859,0x000000a4
1536776859,0x000000a4
1536776859,0x000000a4
1536776859,0x0000003d
1536776859,0x000000a4
1536776859,0x0000003d
1536776859,0x000000a4
1536776859,0x000000a4
1536776859,0x000000a4
1536776859,0x000000a4
1536776859,0x000000a4
1536776859,0x000000a4
1536776859,0x000000a4
1536776859,0x000000a4
1536776859,0x000000a4
1536776859,0x000000a4
1536776859,0x000000a4
1536776859,0x00000034
1536776859,0x000000a4
1536776859,0x000000a4
1536776859,0x000000a4
1536776859,0x000000a4
1536776859,0x000000a4
1536776859,0x000000a4
1536776859,0x000000a4
1536776859,0x000000a4
1536776859,0x000000a4
1536776859,0x000000a4
1536776859,0x000000a4
1536776859,0x000000a4
1536776859,0x000000a4
1536776859,0x000000a4
1536776859,0x000000a4
1536776859,0x000000a4
1536776859,0x0000003d
1536776859,0x000000a4
1536776859,0x000000a4
1536776859,0x000000a4
1536776859,0x000000a4
1536776859,0x000000a4
1536776859,0x000000a4
1536776859,0x000000a4
1536776859,0x000000a4
1536776859,0x000000a4
1536776859,0x000000a4
1536776859,0x000000a4
1536776859,0x0000003e
1536776859,0x000000a4
1536776859,0x000000a4
1536776859,0x000000a4
1536776859,0x0000003d
1536776859,0x000000a4
1536776859,0x0000003d
1536776859,0x000000a4
1536776859,0x000000a4
1536776859,0x000000a4
1536776859,0x000000a4
1536776859,0x000000a4
1536776859,0x000000a4
1536776859,0x000000a4
1536776859,0x000000a4
1536776859,0x000000a4
1536776859,0x000000a4
1536776859,0x000000a4
1536776859,0x00000034
1536776859,0x000000a4
1536776859,0x000000a4
1536776859,0x000000a4
1536776859,0x000000a4
1536776859,0x000000a4
1536776859,0x000000a4
1536776859,0x000000a4
1536776859,0x000000a4
1536776859,0x000000a4
1536776859,0x000000a4
1536776859,0x000000a4
1536776859,0x000000a4
1536776859,0x000000a4
1536776859,0x000000a4
1536776859,0x000000a4
1536776859,0x000000a4
1536776859,0x0000003d
1536776859,0x000000a4
1536776859,0x000000a4
1536776859,0x000000a4
1536776859,0x000000a4
1536776859,0x000000a4
1536776859,0x000000a4
1536776859,0x000000a4
1536776859,0x000000a4
1536776859,0x000000a4
1536776859,0x000000a4
1536776859,0x000000a4
1536776859,0x0000003e
1536776859,0x000000a4
1536776859,0x000000a4
1536776859,0x000000a4
1536776859,0x000000a4
1536776859,0x0000003d
1536776859,0x000000a4
1536776859,0x000000a4
1536776859,0x000000a4
1536776859,0x000000a4
1536776859,0x000000a4
1536776859,0x000000a4
1536776859,0x000000a4
1536776859,0x000000a4
1536776859,0x000000a4
1536776859,0x000000a4
1536776859,0x000000a4
1536776859,0x00000034
1536776859,0x000000a4
1536776859,0x000000a4
1536776859,0x000000a4
1536776859,0x000000a4
1536776859,0x000000a4
1536776859,0x000000a4
1536776859,0x000000a4
1536776859,0x000000a4
1536776859,0x000000a4
1536776859,0x000000a4
1536776859,0x000000a4
1536776859,0x000000a4
1536776859,0x000000a4
1536776859,0x000000a4
1536776859,0x000000a4
1536776859,0x000000a4
1536776859,0x0000003d
1536776859,0x000000a4
1536776859,0x000000a4
1536776859,0x000000a4
1536776859,0x000000a4
1536776859,0x000000a4
1536776859,0x000000a4
1536776859,0x000000a4
1536776859,0x000000a4
1536776859,0x000000a4
1536776859,0x000000a4
1536776859,0x000000a4
1536776859,0x0000003e
1536776859,0x000000a4
1536776859,0x000000a4
1536776859,0x000000a4
1536776859,0x000000a4
1536776859,0x0000003d
1536776859,0x000000a4
1536776859,0x000000a4
1536776859,0x000000a4
1536776859,0x000000a4
1536776859,0x000000a4
1536776859,0x000000a4
1536776859,0x000000a4
1536776859,0x000000a4
1536776859,0x000000a4
1536776859,0x000000a4
1536776859,0x000000a4
1536776859,0x00000034
1536776859,0x000000a4
1536776859,0x000000a4
1536776859,0x000000a4
1536776859,0x000000a4
1536776859,0x000000a4
1536776859,0x000000a4
1536776859,0x000000a4
1536776859,0x000000a4
1536776859,0x000000a4
1536776859,0x000000a4
1536776859,0x000000a4
1536776859,0x000000a4
1536776859,0x000000a4
1536776859,0x000000a4
1536776859,0x000000a4
1536776859,0x000000a4
1536776859,0x0000003d
1536776859,0x000000a4
1536776859,0x000000a4
1536776859,0x000000a4
1536776859,0x000000a4
1536776859,0x000000a4
1536776859,0x000000a4
1536776859,0x000000a4
1536776859,0x000000a4
1536776859,0x000000a4
1536776859,0x000000a4
1536776859,0x000000a4
1536776859,0x0000003e
1536776859,0x000000a4
1536776859,0x000000a4
1536776859,0x000000a4
1536776859,0x000000a4
1536776859,0x0000003d
1536776859,0x000000a4
1536776859,0x000000a4
1536776859,0x000000a4
1536776859,0x000000a4
1536776859,0x000000a4
1536776859,0x000000a4
1536776859,0x000000a4
1536776859,0x000000a4
1536776859,0x000000a4
1536776859,0x000000a4
1536776859,0x000000a4
1536776859,0x00000034
1536776859,0x000000a4
1536776859,0x000000a4
1536776859,0x000000a4
1536776859,0x000000a4
1536776859,0x000000a4
1536776859,0x000000a4
1536776859,0x000000a4
1536776859,0x000000a4
1536776859,0x000000a4
1536776859,0x000000a4
1536776859,0x000000a4
1536776859,0x000000a4
1536776859,0x000000a4
1536776859,0x000000a4
1536776859,0x000000a4
1536776859,0x000000a4
1536776859,0x0000003d
1536776859,0x000000a4
1536776859,0x000000a4
1536776859,0x000000a4
1536776859,0x000000a4
1536776859,0x000000a4
1536776859,0x000000a4
1536776859,0x000000a4
1536776859,0x000000a4
1536776859,0x000000a4
1536776859,0x000000a4
1536776859,0x000000a4
1536776859,0x0000003e
1536776859,0x000000a4
1536776859,0x000000a4
1536776859,0x000000a4
1536776859,0x000000a4
1536776859,0x0000003d
1536776859,0x000000a4
1536776859,0x000000a4
1536776859,0x000000a4
1536776859,0x000000a4
1536776859,0x000000a4
1536776859,0x000000a4
1536776859,0x000000a4
1536776859,0x000000a4
1536776859,0x000000a4
1536776859,0x000000a4
1536776859,0x000000a4
1536776859,0x00000034
1536776859,0x000000a4
1536776859,0x000000a4
1536776859,0x000000a4
1536776859,0x000000a4
1536776859,0x000000a4
1536776859,0x000000a4
1536776859,0x000000a4
1536776859,0x000000a4
1536776859,0x000000a4
1536776859,0x000000a4
1536776859,0x000000a4
1536776859,0x000000a4
1536776859,0x000000a4
1536776859,0x000000a4
1536776859,0x000000a4
1536776859,0x000000a4
1536776859,0x0000003d
1536776859,0x000000a4
1536776859,0x000000a4
1536776859,0x000000a4
1536776859,0x000000a4
1536776859,0x000000a4
1536776859,0x000000a4
1536776859,0x000000a4
1536776859,0x000000a4
1536776859,0x000000a4
1536776859,0x000000a4
1536776859,0x000000a4
1536776859,0x0000003e
1536776859,0x000000a4
1536776859,0x000000a4
1536776859,0x000000a4
1536776859,0x000000a4
1536776859,0x0000003d
1536776859,0x000000a4
1536776859,0x000000a4
1536776859,0x000000a4
1536776859,0x000000a4
1536776859,0x000000a4
1536776859,0x000000a4
1536776859,0x000000a4
1536776859,0x000000a4
1536776859,0x000000a4
1536776859,0x000000a4
1536776859,0x000000a4
1536776859,0x00000034
1536776859,0x000000a4
1536776859,0x000000a4
1536776859,0x000000a4
1536776859,0x000000a4
1536776859,0x000000a4
1536776859,0x000000a4
1536776859,0x000000a4
1536776859,0x000000a4
1536776859,0x000000a4
1536776859,0x000000a4
1536776859,0x000000a4
1536776859,0x000000a4
1536776859,0x000000a4
1536776859,0x000000a4
1536776859,0x000000a4
1536776859,0x000000a4
1536776859,0x0000003d
1536776859,0x000000a4
1536776859,0x000000a4
1536776859,0x000000a4
1536776859,0x000000a4
1536776859,0x000000a4
1536776859,0x000000a4
1536776859,0x000000a4
1536776859,0x000000a4
1536776859,0x000000a4
1536776859,0x000000a4
1536776859,0x000000a4
1536776859,0x0000003e
1536776859,0x000000a4
1536776859,0x000000a4
1536776859,0x000000a4
1536776859,0x000000a4
1536776859,0x0000003d
1536776859,0x000000a4
1536776859,0x000000a4
1536776859,0x000000a4
1536776859,0x000000a4
1536776859,0x000000a4
1536776859,0x000000a4
1536776859,0x000000a4
1536776859,0x000000a4
1536776859,0x000000a4
1536776859,0x000000a4
1536776859,0x000000a4
1536776859,0x00000034
1536776859,0x000000a4
1536776859,0x000000a4
1536776859,0x000000a4
1536776859,0x000000a4
1536776859,0x000000a4
1536776859,0x000000a4
1536776859,0x000000a4
1536776859,0x000000a4
1536776859,0x000000a4
1536776859,0x000000a4
1536776859,0x000000a4
1536776859,0x000000a4
1536776859,0x000000a4
1536776859,0x000000a4
1536776859,0x000000a4
1536776859,0x000000a4
1536776859,0x0000003d
1536776859,0x000000a4
1536776859,0x000000a4
1536776859,0x000000a4
1536776859,0x000000a4
1536776859,0x000000a4
1536776859,0x000000a4
1536776859,0x000000a4
1536776859,0x000000a4
1536776859,0x000000a4
1536776859,0x000000a4
1536776859,0x000000a4
1536776859,0x0000003e
1536776859,0x000000a4
1536776859,0x000000a4
1536776859,0x000000a4
1536776859,0x000000a4
1536776859,0x0000003d
1536776859,0x000000a4
1536776859,0x000000a4
1536776859,0x000000a4
1536776859,0x000000a4
1536776859,0x000000a4
1536776859,0x000000a4
1536776859,0x000000a4
1536776859,0x000000a4
1536776859,0x000000a4
1536776859,0x000000a4
1536776859,0x000000a4
1536776859,0x00000034
1536776859,0x000000a4
1536776859,0x000000a4
1536776859,0x000000a4
1536776859,0x000000a4
1536776859,0x000000a4
1536776859,0x000000a4
1536776859,0x000000a4
1536776859,0x000000a4
1536776859,0x000000a4
1536776859,0x000000a4
1536776859,0x000000a4
1536776859,0x000000a4
1536776859,0x000000a4
1536776859,0x000000a4
1536776859,0x000000a4
1536776859,0x000000a4
1536776859,0x0000003d
1536776859,0x000000a4
1536776859,0x000000a4
1536776859,0x000000a4
1536776859,0x000000a4
1536776859,0x000000a4
1536776859,0x000000a4
1536776859,0x000000a4
1536776859,0x000000a4
1536776859,0x000000a4
1536776859,0x000000a4
1536776859,0x000000a4
1536776859,0x0000003e
1536776859,0x000000a4
1536776859,0x000000a4
1536776859,0x000000a4
1536776859,0x000000a4
1536776859,0x0000003d
1536776859,0x000000a4
1536776859,0x000000a4
1536776859,0x000000a4
1536776859,0x000000a4
1536776859,0x000000a4
1536776859,0x000000a4
1536776859,0x000000a4
1536776859,0x000000a4
1536776859,0x000000a4
1536776859,0x000000a4
1536776859,0x000000a4
1536776859,0x00000034
1536776859,0x000000a4
1536776859,0x000000a4
1536776859,0x000000a4
1536776859,0x000000a4
1536776859,0x000000a4
1536776859,0x000000a4
1536776859,0x000000a4
1536776859,0x000000a4
1536776859,0x000000a4
1536776859,0x000000a4
1536776859,0x000000a4
1536776859,0x000000a4
1536776859,0x000000a4
1536776859,0x000000a4
1536776859,0x000000a4
1536776859,0x000000a4
1536776859,0x0000003d
1536776859,0x000000a4
1536776859,0x000000a4
1536776859,0x000000a4
1536776859,0x000000a4
1536776859,0x000000a4
1536776859,0x000000a4
1536776859,0x000000a4
1536776859,0x000000a4
1536776859,0x000000a4
1536776859,0x000000a4
1536776859,0x000000a4
1536776859,0x0000003e
1536776859,0x000000a4
1536776859,0x000000a4
1536776859,0x000000a4
1536776859,0x000000a4
1536776859,0x0000003d
1536776859,0x000000a4
1536776859,0x000000a4
1536776859,0x000000a4
1536776859,0x000000a4
1536776859,0x000000a4
1536776859,0x000000a4
1536776859,0x000000a4
1536776859,0x000000a4
1536776859,0x000000a4
1536776859,0x000000a4
1536776859,0x000000a4
1536776859,0x00000034
1536776859,0x000000a4
1536776859,0x000000a4
1536776859,0x000000a4
1536776859,0x000000a4
1536776859,0x000000a4
1536776859,0x000000a4
1536776859,0x000000a4
1536776859,0x000000a4
1536776859,0x000000a4
1536776859,0x000000a4
1536776859,0x000000a4
1536776859,0x000000a4
1536776859,0x000000a4
1536776859,0x000000a4
1536776859,0x000000a4
1536776859,0x000000a4
1536776859,0x0000003d
1536776859,0x000000a4
1536776859,0x000000a4
1536776859,0x000000a4
1536776859,0x000000a4
1536776859,0x000000a4
1536776859,0x000000a4
1536776859,0x000000a4
1536776859,0x000000a4
1536776859,0x000000a4
1536776859,0x000000a4
1536776859,0x000000a4
1536776859,0x0000003e
1536776859,0x000000a4
1536776859,0x000000a4
1536776859,0x000000a4
1536776859,0x000000a4
1536776859,0x0000003d
1536776859,0x000000a4
1536776859,0x000000a4
1536776859,0x000000a4
1536776859,0x000000a4
1536776858,0x000000a4
1536776858,0x000000a4
1536776858,0x000000a4
1536776858,0x000000a4
1536776858,0x000000a4
1536776858,0x000000a4
1536776858,0x000000a4
1536776858,0x00000034
1536776858,0x000000a4
1536776858,0x000000a4
1536776858,0x000000a4
1536776858,0x000000a4
1536776858,0x000000a4
1536776858,0x000000a4
1536776858,0x000000a4
1536776858,0x000000a4
1536776858,0x000000a4
1536776858,0x000000a4
1536776858,0x000000a4
1536776858,0x000000a4
1536776858,0x000000a4
1536776858,0x000000a4
1536776858,0x000000a4
1536776858,0x000000a4
1536776858,0x0000003d
1536776858,0x000000a4
1536776858,0x000000a4
1536776858,0x000000a4
1536776858,0x000000a4
1536776858,0x000000a4
1536776858,0x000000a4
1536776858,0x000000a4
1536776858,0x000000a4
1536776858,0x000000a4
1536776858,0x000000a4
1536776858,0x000000a4
1536776858,0x0000003e
1536776858,0x000000a4
1536776858,0x000000a4
1536776858,0x000000a4
1536776858,0x000000a4
1536776858,0x0000003d
1536776858,0x000000a4
1536776858,0x000000a4
1536776858,0x000000a4
1536776858,0x000000a4
1536776858,0x000000a4
1536776858,0x000000a4
1536776858,0x000000a4
1536776858,0x000000a4
1536776858,0x000000a4
1536776858,0x000000a4
1536776858,0x000000a4
1536776858,0x00000034
1536776858,0x000000a4
1536776858,0x000000a4
1536776858,0x000000a4
1536776858,0x000000a4
1536776858,0x000000a4
1536776858,0x000000a4
1536776858,0x000000a4
1536776858,0x000000a4
1536776858,0x000000a4
1536776858,0x000000a4
1536776858,0x000000a4
1536776858,0x000000a4
1536776858,0x000000a4
1536776858,0x000000a4
1536776858,0x000000a4
1536776858,0x000000a4
1536776858,0x0000003d
1536776858,0x000000a4
1536776858,0x000000a4
1536776858,0x000000a4
1536776858,0x000000a4
1536776858,0x000000a4
1536776858,0x000000a4
1536776858,0x000000a4
1536776858,0x000000a4
1536776858,0x000000a4
1536776858,0x000000a4
1536776858,0x000000a4
1536776858,0x0000003e
1536776858,0x000000a4
1536776858,0x000000a4
1536776858,0x000000a4
1536776858,0x000000a4
1536776858,0x0000003d
1536776858,0x000000a4
1536776858,0x000000a4
1536776858,0x000000a4
1536776858,0x000000a4
1536776858,0x000000a4
1536776858,0x000000a4
1536776858,0x000000a4
1536776858,0x000000a4
1536776858,0x000000a4
1536776858,0x000000a4
1536776858,0x000000a4
1536776858,0x00000034
1536776858,0x000000a4
1536776858,0x000000a4
1536776858,0x000000a4
1536776858,0x000000a4
1536776858,0x000000a4
1536776858,0x000000a4
1536776858,0x000000a4
1536776858,0x000000a4
1536776858,0x000000a4
1536776858,0x000000a4
1536776858,0x000000a4
1536776858,0x000000a4
1536776858,0x000000a4
1536776858,0x000000a4
1536776858,0x000000a4
1536776858,0x000000a4
1536776858,0x000000a4
1536776858,0x000000a4
1536776858,0x000000a4
1536776858,0x000000a4
1536776858,0x000000a4
1536776858,0x000000a4
1536776858,0x000000a4
1536776858,0x000000a4
1536776858,0x000000a4
1536776858,0x000000a4
1536776858,0x000000a4
1536776858,0x0000003e
1536776858,0x000000a4
1536776858,0x000000a4
1536776858,0x000000a4
1536776858,0x000000a4
1536776858,0x0000003d
1536776858,0x000000a4
1536776858,0x000000a4
1536776858,0x000000a4
1536776858,0x000000a4
1536776858,0x000000a4
1536776858,0x000000a4
1536776858,0x000000a4
1536776858,0x000000a4
1536776858,0x000000a4
1536776858,0x000000a4
1536776858,0x000000a4
1536776858,0x00000034
1536776858,0x000000a4
1536776858,0x000000a4
1536776858,0x000000a4
1536776858,0x000000a4
1536776858,0x000000a4
1536776858,0x000000a4
1536776858,0x000000a4
1536776858,0x000000a4
1536776858,0x000000a4
1536776858,0x000000a4
1536776858,0x000000a4
1536776858,0x000000a4
1536776858,0x000000a4
1536776858,0x000000a4
1536776858,0x000000a4
1536776858,0x000000a4
1536776858,0x000000a4
1536776858,0x000000a4
1536776858,0x000000a4
1536776858,0x000000a4
1536776858,0x000000a4
1536776858,0x000000a4
1536776858,0x000000a4
1536776858,0x000000a4
1536776858,0x000000a4
1536776858,0x000000a4
1536776858,0x000000a4
1536776858,0x0000003e
1536776858,0x000000a4
1536776858,0x000000a4
1536776858,0x000000a4
1536776858,0x000000a4
1536776858,0x0000003d
1536776858,0x000000a4
1536776858,0x000000a4
1536776858,0x000000a4
1536776858,0x000000a4
1536776858,0x000000a4
1536776858,0x000000a4
1536776858,0x000000a4
1536776858,0x000000a4
1536776858,0x000000a4
1536776858,0x000000a4
1536776858,0x000000a4
1536776858,0x00000034
1536776858,0x000000a4
1536776858,0x000000a4
1536776858,0x000000a4
1536776858,0x000000a4
1536776858,0x000000a4
1536776858,0x000000a4
1536776858,0x000000a4
1536776858,0x000000a4
1536776858,0x000000a4
1536776858,0x000000a4
1536776858,0x000000a4
1536776858,0x000000a4
1536776858,0x000000a4
1536776858,0x000000a4
1536776858,0x000000a4
1536776858,0x000000a4
1536776858,0x000000a4
1536776858,0x000000a4
1536776858,0x000000a4
1536776858,0x000000a4
1536776858,0x000000a4
1536776858,0x000000a4
1536776858,0x000000a4
1536776858,0x000000a4
1536776858,0x000000a4
1536776858,0x000000a4
1536776858,0x000000a4
1536776858,0x0000003e
1536776858,0x000000a4
1536776858,0x000000a4
1536776858,0x000000a4
1536776858,0x000000a4
1536776858,0x0000003d
1536776858,0x000000a4
1536776858,0x000000a4
1536776858,0x000000a4
1536776858,0x000000a4
1536776858,0x000000a4
1536776858,0x000000a4
1536776858,0x000000a4
1536776858,0x000000a4
1536776858,0x000000a4
1536776858,0x000000a4
1536776858,0x000000a4
1536776858,0x00000034
1536776858,0x000000a4
1536776858,0x000000a4
1536776858,0x000000a4
1536776858,0x000000a4
1536776858,0x000000a4
1536776858,0x000000a4
1536776858,0x000000a4
1536776858,0x000000a4
1536776858,0x000000a4
1536776858,0x000000a4
1536776858,0x000000a4
1536776858,0x000000a4
1536776858,0x000000a4
1536776858,0x000000a4
1536776858,0x000000a4
1536776858,0x000000a4
1536776858,0x000000a4
1536776858,0x000000a4
1536776858,0x000000a4
1536776858,0x000000a4
1536776858,0x000000a4
1536776858,0x000000a4
1536776858,0x000000a4
1536776858,0x000000a4
1536776858,0x000000a4
1536776858,0x000000a4
1536776858,0x000000a4
1536776858,0x0000003e
1536776858,0x000000a4
1536776858,0x000000a4
1536776858,0x000000a4
1536776858,0x000000a4
1536776858,0x0000003d
1536776858,0x000000a4
1536776858,0x000000a4
1536776858,0x000000a4
1536776858,0x000000a4
1536776858,0x000000a4
1536776858,0x000000a4
1536776858,0x000000a4
1536776858,0x000000a4
1536776858,0x000000a4
1536776858,0x000000a4
1536776858,0x000000a4
1536776858,0x00000034
1536776858,0x000000a4
1536776858,0x000000a4
1536776858,0x000000a4
1536776858,0x000000a4
1536776858,0x000000a4
1536776858,0x000000a4
1536776858,0x000000a4
1536776858,0x000000a4
1536776858,0x000000a4
1536776858,0x000000a4
1536776858,0x000000a4
1536776858,0x000000a4
1536776858,0x000000a4
1536776858,0x000000a4
1536776858,0x000000a4
1536776858,0x000000a4
1536776858,0x000000a4
1536776858,0x000000a4
1536776858,0x000000a4
1536776858,0x000000a4
1536776858,0x000000a4
1536776858,0x000000a4
1536776858,0x000000a4
1536776858,0x000000a4
1536776858,0x000000a4
1536776858,0x000000a4
1536776858,0x000000a4
1536776858,0x0000003e
1536776858,0x000000a4
1536776858,0x000000a4
1536776858,0x000000a4
1536776858,0x000000a4
1536776858,0x0000003d
1536776858,0x000000a4
1536776858,0x000000a4
1536776858,0x000000a4
1536776858,0x000000a4
1536776858,0x000000a4
1536776858,0x000000a4
1536776858,0x000000a4
1536776858,0x000000a4
1536776858,0x000000a4
1536776858,0x000000a4
1536776858,0x000000a4
1536776858,0x00000034
1536776858,0x000000a4
1536776858,0x000000a4
1536776858,0x000000a4
1536776858,0x000000a4
1536776858,0x000000a4
1536776858,0x000000a4
1536776858,0x000000a4
1536776858,0x000000a4
1536776858,0x000000a4
1536776858,0x000000a4
1536776858,0x000000a4
1536776858,0x000000a4
1536776858,0x000000a4
1536776858,0x000000a4
1536776858,0x000000a4
1536776858,0x000000a4
1536776858,0x000000a4
1536776858,0x000000a4
1536776858,0x000000a4
1536776858,0x000000a4
1536776858,0x000000a4
1536776858,0x000000a4
1536776858,0x000000a4
1536776858,0x000000a4
1536776858,0x000000a4
1536776858,0x000000a4
1536776858,0x000000a4
1536776858,0x0000003e
1536776858,0x000000a4
1536776858,0x000000a4
1536776858,0x000000a4
1536776858,0x000000a4
1536776858,0x0000003d
1536776858,0x000000a4
1536776858,0x000000a4
1536776858,0x000000a4
1536776858,0x000000a4
1536776858,0x000000a4
1536776858,0x000000a4
1536776858,0x000000a4
1536776858,0x000000a4
1536776858,0x000000a4
1536776858,0x000000a4
1536776858,0x000000a4
1536776858,0x00000034
1536776858,0x000000a4
1536776858,0x000000a4
1536776858,0x000000a4
1536776858,0x000000a4
1536776858,0x000000a4
1536776858,0x000000a4
1536776858,0x000000a4
1536776858,0x000000a4
1536776858,0x000000a4
1536776858,0x000000a4
1536776858,0x000000a4
1536776858,0x000000a4
1536776858,0x000000a4
1536776858,0x000000a4
1536776858,0x000000a4
1536776858,0x000000a4
1536776858,0x000000a4
1536776858,0x000000a4
1536776858,0x000000a4
1536776858,0x000000a4
1536776858,0x000000a4
1536776858,0x000000a4
1536776858,0x000000a4
1536776858,0x000000a4
1536776858,0x000000a4
1536776858,0x000000a4
1536776858,0x000000a4
1536776858,0x000000a4
1536776858,0x000000a4
1536776858,0x000000a4
1536776858,0x000000a4
1536776858,0x0000003d
1536776858,0x000000a4
1536776858,0x000000a4
1536776858,0x000000a4
1536776858,0x000000a4
1536776858,0x000000a4
1536776858,0x000000a4
1536776858,0x000000a4
1536776858,0x000000a4
1536776858,0x000000a4
1536776858,0x000000a4
1536776858,0x000000a4
1536776858,0x00000034
1536776858,0x000000a4
1536776858,0x000000a4
1536776858,0x000000a4
1536776858,0x000000a4
1536776858,0x000000a4
1536776858,0x000000a4
1536776858,0x000000a4
1536776858,0x000000a4
1536776858,0x000000a4
1536776858,0x000000a4
1536776858,0x000000a4
1536776858,0x000000a4
1536776858,0x000000a4
1536776858,0x000000a4
1536776858,0x000000a4
1536776858,0x000000a4
1536776858,0x000000a4
1536776858,0x000000a4
1536776858,0x000000a4
1536776858,0x000000a4
1536776858,0x000000a4
1536776858,0x000000a4
1536776858,0x000000a4
1536776858,0x000000a4
1536776858,0x000000a4
1536776858,0x000000a4
1536776858,0x000000a4
1536776858,0x000000a4
1536776858,0x000000a4
1536776858,0x000000a4
1536776858,0x000000a4
1536776858,0x0000003d
1536776858,0x000000a4
1536776858,0x000000a4
1536776858,0x000000a4
1536776858,0x000000a4
1536776858,0x000000a4
1536776858,0x000000a4
1536776858,0x000000a4
1536776858,0x000000a4
1536776858,0x000000a4
1536776858,0x000000a4
1536776858,0x000000a4
1536776858,0x00000034
1536776858,0x000000a4
1536776858,0x000000a4
1536776858,0x000000a4
1536776858,0x000000a4
1536776858,0x000000a4
1536776858,0x000000a4
1536776858,0x000000a4
1536776858,0x000000a4
1536776858,0x000000a4
1536776858,0x000000a4
1536776858,0x000000a4
1536776858,0x000000a4
1536776858,0x000000a4
1536776858,0x000000a4
1536776858,0x000000a4
1536776858,0x000000a4
1536776858,0x000000a4
1536776858,0x000000a4
1536776858,0x000000a4
1536776858,0x000000a4
1536776858,0x000000a4
1536776858,0x000000a4
1536776858,0x000000a4
1536776858,0x000000a4
1536776858,0x000000a4
1536776858,0x000000a4
1536776858,0x000000a4
1536776858,0x000000a4
1536776858,0x000000a4
1536776858,0x000000a4
1536776858,0x000000a4
1536776858,0x0000003d
1536776858,0x000000a4
1536776858,0x000000a4
1536776858,0x000000a4
1536776858,0x000000a4
1536776858,0x000000a4
1536776858,0x000000a4
1536776858,0x000000a4
1536776858,0x000000a4
1536776858,0x000000a4
1536776858,0x000000a4
1536776858,0x000000a4
1536776858,0x00000034
1536776858,0x000000a4
1536776858,0x000000a4
1536776858,0x000000a4
1536776858,0x000000a4
1536776858,0x000000a4
1536776858,0x000000a4
1536776858,0x000000a4
1536776858,0x000000a4
1536776858,0x000000a4
1536776858,0x000000a4
1536776858,0x000000a4
1536776858,0x000000a4
1536776858,0x000000a4
1536776858,0x000000a4
1536776858,0x000000a4
1536776858,0x000000a4
1536776858,0x000000a4
1536776858,0x000000a4
1536776858,0x000000a4
1536776858,0x000000a4
1536776858,0x000000a4
1536776858,0x000000a4
1536776858,0x000000a4
1536776858,0x000000a4
1536776858,0x000000a4
1536776858,0x000000a4
1536776858,0x000000a4
1536776858,0x000000a4
1536776858,0x000000a4
1536776858,0x000000a4
1536776858,0x000000a4
1536776858,0x0000003d
1536776858,0x000000a4
1536776858,0x000000a4
1536776858,0x000000a4
1536776858,0x000000a4
1536776858,0x000000a4
1536776858,0x000000a4
1536776858,0x000000a4
1536776858,0x000000a4
1536776858,0x000000a4
1536776858,0x000000a4
1536776858,0x000000a4
1536776858,0x00000034
1536776858,0x000000a4
1536776858,0x000000a4
1536776858,0x000000a4
1536776858,0x000000a4
1536776858,0x000000a4
1536776858,0x000000a4
1536776858,0x000000a4
1536776858,0x000000a4
1536776858,0x000000a4
1536776858,0x000000a4
1536776858,0x000000a4
1536776858,0x000000a4
1536776858,0x000000a4
1536776858,0x000000a4
1536776858,0x000000a4
1536776858,0x000000a4
1536776858,0x000000a4
1536776858,0x000000a4
1536776858,0x000000a4
1536776858,0x000000a4
1536776858,0x000000a4
1536776858,0x000000a4
1536776858,0x000000a4
1536776858,0x000000a4
1536776858,0x000000a4
1536776858,0x000000a4
1536776858,0x000000a4
1536776858,0x000000a4
1536776858,0x000000a4
1536776858,0x000000a4
1536776858,0x000000a4
1536776858,0x0000003d
1536776858,0x000000a4
1536776858,0x000000a4
1536776858,0x000000a4
1536776858,0x000000a4
1536776858,0x000000a4
1536776858,0x000000a4
1536776858,0x000000a4
1536776858,0x000000a4
1536776858,0x000000a4
1536776858,0x000000a4
1536776858,0x000000a4
1536776858,0x00000034
1536776858,0x000000a4
1536776858,0x000000a4
1536776858,0x000000a4
1536776858,0x000000a4
1536776858,0x000000a4
1536776858,0x000000a4
1536776858,0x000000a4
1536776858,0x000000a4
1536776858,0x000000a4
1536776858,0x000000a4
1536776858,0x000000a4
1536776858,0x000000a4
1536776858,0x000000a4
1536776858,0x000000a4
1536776858,0x000000a4
1536776858,0x000000a4
1536776858,0x000000a4
1536776858,0x000000a4
1536776858,0x000000a4
1536776858,0x000000a4
1536776858,0x000000a4
1536776858,0x000000a4
1536776858,0x000000a4
1536776858,0x000000a4
1536776858,0x000000a4
1536776858,0x000000a4
1536776858,0x000000a4
1536776858,0x000000a4
1536776858,0x000000a4
1536776858,0x000000a4
1536776858,0x000000a4
1536776858,0x0000003d
1536776858,0x000000a4
1536776858,0x000000a4
1536776858,0x000000a4
1536776858,0x000000a4
1536776858,0x000000a4
1536776858,0x000000a4
1536776858,0x000000a4
1536776858,0x000000a4
1536776858,0x000000a4
1536776858,0x000000a4
1536776858,0x000000a4
1536776858,0x00000034
1536776858,0x000000a4
1536776858,0x000000a4
1536776858,0x000000a4
1536776858,0x000000a4
1536776858,0x000000a4
1536776858,0x000000a4
1536776858,0x000000a4
1536776858,0x000000a4
1536776858,0x000000a4
1536776858,0x000000a4
1536776858,0x000000a4
1536776858,0x000000a4
1536776858,0x000000a4
1536776858,0x000000a4
1536776858,0x000000a4
1536776858,0x000000a4
1536776858,0x000000a4
1536776858,0x000000a4
1536776858,0x000000a4
1536776858,0x000000a4
1536776858,0x000000a4
1536776858,0x000000a4
1536776858,0x000000a4
1536776858,0x000000a4
1536776858,0x000000a4
1536776858,0x000000a4
1536776858,0x000000a4
1536776858,0x000000a4
1536776858,0x000000a4
1536776858,0x000000a4
1536776858,0x000000a4
1536776858,0x0000003d
1536776858,0x000000a4
1536776858,0x000000a4
1536776858,0x000000a4
1536776858,0x000000a4
1536776858,0x000000a4
1536776858,0x000000a4
1536776858,0x000000a4
1536776858,0x000000a4
1536776858,0x000000a4
1536776858,0x000000a4
1536776858,0x000000a4
1536776858,0x00000034
1536776858,0x000000a4
1536776858,0x000000a4
1536776858,0x000000a4
1536776858,0x000000a4
1536776858,0x000000a4
1536776858,0x000000a4
1536776858,0x000000a4
1536776858,0x000000a4
1536776858,0x000000a4
1536776858,0x000000a4
1536776858,0x000000a4
1536776858,0x000000a4
1536776858,0x000000a4
1536776858,0x000000a4
1536776858,0x000000a4
1536776858,0x000000a4
1536776858,0x000000a4
1536776858,0x000000a4
1536776858,0x000000a4
1536776858,0x000000a4
1536776858,0x000000a4
1536776858,0x000000a4
1536776858,0x000000a4
1536776858,0x000000a4
1536776858,0x000000a4
1536776858,0x000000a4
1536776858,0x000000a4
1536776858,0x000000a4
1536776858,0x000000a4
1536776858,0x000000a4
1536776858,0x000000a4
1536776858,0x0000003d
1536776858,0x000000a4
1536776858,0x000000a4
1536776858,0x000000a4
1536776858,0x000000a4
1536776858,0x000000a4
1536776858,0x000000a4
1536776858,0x000000a4
1536776858,0x000000a4
1536776858,0x000000a4
1536776858,0x000000a4
1536776858,0x000000a4
1536776858,0x00000034
1536776858,0x000000a4
1536776858,0x000000a4
1536776858,0x000000a4
1536776858,0x000000a4
1536776858,0x000000a4
1536776858,0x000000a4
1536776858,0x000000a4
1536776858,0x000000a4
1536776858,0x000000a4
1536776858,0x000000a4
1536776858,0x000000a4
1536776858,0x000000a4
1536776858,0x000000a4
1536776858,0x000000a4
1536776858,0x000000a4
1536776858,0x000000a4
1536776858,0x000000a4
1536776858,0x000000a4
1536776858,0x000000a4
1536776858,0x000000a4
1536776858,0x000000a4
1536776858,0x000000a4
1536776858,0x000000a4
1536776858,0x000000a4
1536776858,0x000000a4
1536776858,0x000000a4
1536776858,0x0000081a
1536776858,0x00000f40
1536776858,0x00001034
1536776858,0x00001e80
1536776858,0x00001be1
1536776858,0x000023be
1536776857,0x00002dc0
1536776857,0x00000d00
1536776856,0x00000f40
1536776856,0x000011df
1536776856,0x00001942
1536776855,0x00000f40
1536776854,0x00000d00
1536776853,0x00000c64
1536776853,0x00000c64
1536776852,0x00002400
1536776852,0x00002919
1536776850,0x0000215c
1536776850,0x00003600
1536776850,0x00002f40
1536776850,0x0000309c
1536776850,0x00001200
1536776850,0x000015e7
1536776849,0x00001200
1536776848,0x00000b13
1536776848,0x000000b7
1536776848,0x00000b52
1536776847,0x00001310
1536776847,0x00002714
1536776846,0x0000242d
1536776846,0x00002d09
1536776846,0x00002dc0
1536776846,0x000033ae
1536776845,0x000015ec
1536776845,0x00001ab0
1536776844,0x00000f40
1536776844,0x00000d90
1536776844,0x00000d90
1536776843,0x00001165
1536776843,0x000011a2
1536776843,0x000027cb
1536776842,0x000020f0
1536776842,0x00002dc0
1536776842,0x00003070
1536776841,0x00001535
1536776841,0x00001c5b
1536776841,0x00001e80
1536776841,0x00002b5e
1536776841,0x0000252c
1536776840,0x00000a3f
1536776839,0x00000f40
1536776839,0x000017d4
1536776839,0x000014bb
1536776839,0x0000265d
1536776838,0x00002b5e
1536776838,0x00000276
1536776838,0x00002381
1536776836,0x000016a3
1536776836,0x00001905
1536776836,0x00001f80
1536776836,0x000011a2
1536776836,0x00002cca
1536776835,0x00000fc0
1536776835,0x00000bea
1536776834,0x00000fc0
1536776834,0x00001e80
1536776833,0x000021d6
1536776832,0x00000f40
1536776832,0x0000134d
1536776831,0x00000f40
1536776831,0x00001e80
1536776830,0x00001a73
1536776829,0x00000f40
1536776828,0x00000f40
1536776826,0x00000c64
1536776825,0x00001c1e
1536776824,0x0000121c
1536776823,0x000011a2
1536776822,0x00000f40
1536776821,0x00000f40
1536776811,0x00001a6f
1536776810,0x000035a7
1536776808,0x000017d1
1536776808,0x00000d59
1536776808,0x00002891
1536776807,0x00003240
1536776806,0x000009af
1536776805,0x000010c0
1536776793,0x00000c00
1536776787,0x00000d00
1536776784,0x00000d00
1536776782,0x00000b13
1536776782,0x00000b13
1536776780,0x0000146d
1536776780,0x00002331
1536776778,0x00000fc0
1536776778,0x000010bc
1536776778,0x000013ef
1536776777,0x00001f80
1536776776,0x00001b51
1536776775,0x00000fc0
1536776774,0x00000fc0
1536776762,0x00000c00
1536776756,0x00000d00
1536776753,0x00000d00
1536776736,0x00002200
1536776730,0x00002180
1536776730,0x000021c3
1536776728,0x0000107d
1536776727,0x000010c0
1536776726,0x000010c0
1536776726,0x000016c5
1536776725,0x00002180
1536776724,0x00001b7b
1536776723,0x000010c0
1536776722,0x000010c0
1536776710,0x00000c00
1536776704,0x00000d00
1536776701,0x00000d00
1536776699,0x00000999
1536776698,0x000009d8
1536776697,0x000015e7
1536776697,0x000021f6
1536776695,0x00000fc0
1536776695,0x00001332
1536776694,0x00001f80
1536776694,0x00001ffe
1536776692,0x00000f42
1536776691,0x00000fc0
1536776690,0x00000fc0
1536776678,0x00000c00
1536776672,0x00000d00
1536776669,0x00000d00
1536776667,0x00001189
1536776666,0x00002180
1536776665,0x000020b7
1536776664,0x000010c0
1536776663,0x000010c0
1536776663,0x00000e65
1536776661,0x00002180
1536776661,0x0000349b
1536776660,0x000010c0
1536776648,0x00000c00
1536776646,0x000007ec
1536776642,0x00000514
1536776639,0x00000d00
1536776637,0x00000f03
1536776637,0x00000f03
1536776635,0x0000107d
1536776635,0x00001fbf
1536776633,0x0000103e
1536776633,0x00000fc0
1536776632,0x00001f80
1536776632,0x0000207c
1536776630,0x00001e84
1536776629,0x00000fc0
1536776617,0x00000c00
1536776611,0x00000d00
1536776608,0x00000d00
1536776454,0x0000068b
1536776453,0x00001920
1536776452,0x00001af5
1536776451,0x00001920
1536776450,0x000010c0
1536776450,0x00000abb
1536776449,0x000010c0
1536776449,0x00001e9f
1536776448,0x000016c5
1536776447,0x000013a1
1536776446,0x000010c0
1536776445,0x000010c0
1536776437,0x00000570
1536776433,0x00000690
1536776427,0x00000d00
1536776424,0x00000d00
1536776422,0x000011f7
1536776421,0x00001f80
1536776420,0x00001d49
1536776419,0x00000fc0
1536776418,0x00000fc0
1536776418,0x00000dc8
1536776417,0x00003234
1536776416,0x00002178
1536776415,0x00000ccc
1536776403,0x00000c00
1536776397,0x00000d00
1536776394,0x00000d00
1536776375,0x000007da
1536776375,0x000007da
1536776373,0x000019a6
1536776373,0x00002742
1536776371,0x000010c0
1536776371,0x000013e4
1536776371,0x000011cc
1536776370,0x00002180
1536776369,0x00002074
1536776368,0x000010c0
1536776367,0x000010c0
1536776355,0x00000c00
1536776349,0x00000d00
1536776346,0x00000d00
1536776344,0x0000046e
1536776343,0x00001626
1536776342,0x00001b12
1536776341,0x0000191a
1536776340,0x00000fc0
1536776340,0x000005e8
1536776338,0x00000fc0
1536776338,0x00001761
1536776338,0x00001998
1536776337,0x000017df
1536776336,0x00000fc0
1536776335,0x00000fc0
1536776323,0x00000c00
1536776317,0x000017f8
1536776314,0x00000208
1536776312,0x00000b84
1536776312,0x00000bc7
1536776310,0x000015fc
1536776310,0x000024a4
1536776308,0x000010c0
1536776308,0x00001295
1536776308,0x00000f71
1536776307,0x00003240
1536776306,0x000022cf
1536776305,0x000010c0
1536776293,0x00000c00
1536776287,0x000013e8
1536776284,0x00000618
1536776281,0x00002274
1536776280,0x00002f40
1536776279,0x00001c8c
1536776279,0x000013b0
1536776278,0x00002f40
1536776277,0x00001b90
1536776276,0x00000fc0
1536776264,0x00000c00
1536776258,0x00000d00
1536776255,0x00000d00
1536776213,0x000008a3
1536776212,0x00001c87
1536776211,0x000018dd
1536776210,0x000015b9
1536776209,0x000010c0
1536776209,0x00000d59
1536776207,0x000010c0
1536776207,0x00001e19
1536776207,0x00001427
1536776206,0x00001427
1536776205,0x000010c0
1536776204,0x000010c0
1536776193,0x00002200
1536776192,0x00000c00
1536776186,0x00000d00
1536776183,0x00000d00
1536776180,0x00000f42
1536776180,0x00001f80
1536776179,0x00001ffe
1536776178,0x00000fc0
1536776177,0x00000fc0
1536776177,0x00001275
1536776176,0x00001f80
1536776175,0x00001ccb
1536776174,0x00000fc0
1536776173,0x00000fc0
1536776167,0x00000570
1536776161,0x00000690
1536776155,0x00000f70
1536776152,0x00000a90
1536776139,0x00001f44
1536776138,0x00002280
1536776137,0x00001185
1536776135,0x00001437
1536776134,0x00001140
1536776130,0x000002e1
1536776129,0x00001576
1536776128,0x00001e9f
1536776127,0x00001cca
1536776126,0x000010c0
1536776125,0x000010c0
1536776125,0x00000fb4
1536776124,0x00002b72
1536776123,0x0000228c
1536776122,0x000006ce
1536776121,0x000010c0
1536776109,0x00000c00
1536776107,0x00000374
1536776103,0x0000098c
1536776100,0x00000d00
1536776097,0x00000dc8
1536776097,0x00001f80
1536776096,0x00002178
1536776095,0x00000fc0
1536776095,0x0000042f
1536776094,0x00000fc0
1536776094,0x00001bcf
1536776093,0x00001b51
1536776092,0x00001371
1536776091,0x00000fc0
1536776090,0x00000fc0
1536776079,0x000008a0
1536776078,0x00002200
1536776077,0x00000d54
1536776072,0x0000030c
1536776069,0x00000d00
1536776067,0x00000f71
1536776066,0x00002180
1536776065,0x000022cf
1536776064,0x000010c0
1536776063,0x000010c0
1536776063,0x00001857
1536776062,0x00002180
1536776061,0x000019e9
1536776060,0x000010c0
1536776059,0x000010c0
1536776049,0x000002a0
1536776047,0x00000960
1536776043,0x00002200
1536776043,0x000004e0
1536776041,0x00000820
1536776038,0x00000d00
1536776035,0x00002ad2
1536776035,0x000027de
1536776033,0x00000762
1536776033,0x0000142e
1536776033,0x00000d4a
1536776031,0x00001f80
1536776031,0x000021f6
1536776030,0x00000fc0
1536776029,0x00000fc0
1536776017,0x00000c00
1536776011,0x00000d00
1536776008,0x00000d00
1536775889,0x00001a2c
1536775888,0x00003240
1536775887,0x00001814
1536775887,0x000009f2
1536775886,0x000010c0
1536775886,0x00002180
1536775885,0x0000284e
1536775884,0x000010c0
1536775883,0x000010c0
1536775871,0x00000c00
1536775865,0x00000d00
1536775862,0x00000d00
1536775860,0x00000276
1536775859,0x000013b0
1536775858,0x00001d0a
1536775857,0x00001b90
1536775856,0x00000fc0
1536775856,0x00000333
1536775855,0x00000fc0
1536775855,0x000016a4
1536775854,0x00001c4d
1536775853,0x0000189c
1536775852,0x00000fc0
1536775851,0x00000fc0
1536775847,0x00000450
1536775839,0x000007b0
1536775836,0x00002200
1536775833,0x00001074
1536775830,0x0000098c
1536775828,0x000007da
1536775828,0x0000081d
1536775826,0x000019a6
1536775826,0x00002355
1536775824,0x000010c0
1536775824,0x0000178e
1536775824,0x00000eeb
1536775823,0x000020b7
1536775822,0x00001295
1536775821,0x00001189
1536775820,0x000010c0
1536775819,0x000010c0
1536775807,0x00000c00
1536775801,0x00000d00
1536775798,0x00000d00
1536775796,0x000017df
1536775796,0x00001e84
1536775794,0x00001761
1536775794,0x0000207c
1536775794,0x00000c4e
1536775794,0x00000c8d
1536775792,0x00001332
1536775792,0x00002274
1536775790,0x00000fc0
1536775790,0x00000fff
1536775787,0x00000ba0
1536775777,0x00000060
1536775771,0x00000d00
1536775768,0x00000d00
1536775766,0x000011cc
1536775765,0x00002180
1536775764,0x00002074
1536775763,0x000010c0
1536775762,0x000010c0
1536775762,0x000020fa
1536775761,0x000026bc
1536775760,0x00002206
1536775759,0x00000b84
1536775747,0x00000c00
1536775741,0x00000d00
1536775738,0x00000d00
1536775737,0x00001d40
1536775737,0x00001cf2
1536775737,0x00001cf2
1536775735,0x00001f80
1536775735,0x00001ca4
1536775735,0x00001d40
1536775735,0x00001ca4
1536775735,0x00002bce
1536775733,0x00001332
1536775733,0x00000fc0
1536775732,0x00001f80
1536775732,0x0000203d
1536775730,0x00001ec3
1536775729,0x00000fc0
1536775723,0x00000bd0
1536775723,0x00000c00
1536775723,0x00000bd0
1536775723,0x00000c00
1536775722,0x00000c00
1536775717,0x00000ccc
1536775717,0x00000ccc
1536775717,0x00000d00
1536775717,0x00000d00
1536775717,0x00000c00
1536775716,0x00000d00
1536775714,0x00000ccc
1536775714,0x00000d00
1536775714,0x00000ccc
1536775714,0x00000d00
1536775713,0x00000d00
1536775711,0x00000d00
1536775708,0x00000d00
1536775683,0x000009af
1536775683,0x000009af
1536775681,0x000017d1
1536775681,0x0000228c
1536775679,0x000010c0
1536775679,0x000016c5
1536775679,0x00000ea8
1536775678,0x00003240
1536775677,0x00002398
1536775676,0x000010c0
1536775664,0x00000c00
1536775658,0x00000d00
1536775655,0x00000d00
1536775653,0x00000762
1536775652,0x0000181e
1536775651,0x0000181e
1536775650,0x00001722
1536775649,0x00000fc0
1536775648,0x00000fc0
1536775648,0x00001d0a
1536775647,0x00002f40
1536775646,0x00001236
1536775645,0x00000fc0
1536775637,0x00000060
1536775633,0x00000ba0
1536775627,0x00001214
1536775624,0x000007ec
1536775602,0x00000192
1536775601,0x0000174b
1536775600,0x00001fee
1536775599,0x00001af5
1536775598,0x000010c0
1536775598,0x00000abb
1536775597,0x000010c0
1536775597,0x00002180
1536775596,0x00002785
1536775595,0x000010c0
1536775594,0x000010c0
1536775582,0x00000c00
1536775576,0x00000d00
1536775573,0x00000d00
1536775571,0x0000013b
1536775570,0x00001722
1536775569,0x00001e45
1536775568,0x0000181e
1536775567,0x00000fc0
1536775566,0x00000fc0
1536775566,0x00002178
1536775565,0x00002f40
1536775564,0x00001d88
1536775552,0x00000c00
1536775546,0x00000d00
1536775543,0x00000d00
1536775531,0x00000324
1536775530,0x00001c87
1536775529,0x00001e5c
1536775528,0x000015b9
1536775527,0x000010c0
1536775526,0x000010c0
1536775526,0x00002aec
1536775525,0x00003240
1536775524,0x00001814
1536775512,0x00000c00
1536775506,0x00000d00
1536775503,0x00000d00
1536775501,0x00000c0f
1536775501,0x00000c0f
1536775499,0x00001371
1536775499,0x000021f6
1536775497,0x00000fc0
1536775497,0x000010fb
1536775497,0x00001179
1536775496,0x00001f80
1536775495,0x00001dc7
1536775494,0x00000fc0
1536775493,0x00000fc0
1536775481,0x00000c00
1536775475,0x000018c8
1536775472,0x00000138
1536775466,0x00002180
1536775466,0x00002cc1
1536775464,0x0000057f
1536775463,0x000010c0
1536775462,0x000010c0
1536775462,0x000017d1
1536775461,0x00003e4a
1536775460,0x00001a6f
1536775459,0x000004b6
1536775450,0x00000330
1536775447,0x000008d0
1536775441,0x00000d00
1536775438,0x00000d00
1536775437,0x000000fc
1536775436,0x00001275
1536775435,0x00001e84
1536775434,0x00001ccb
1536775433,0x00000fc0
1536775432,0x00000fc0
1536775432,0x00001a94
1536775430,0x00002f40
1536775430,0x000014ac
1536775429,0x00000fc0
1536775417,0x00000c00
1536775411,0x00000d00
1536775408,0x00000d00
1536775309,0x000011cc
1536775308,0x00003240
1536775307,0x00002074
1536775306,0x000010c0
1536775306,0x00001295
1536775305,0x00002180
1536775304,0x00001fab
1536775303,0x000010c0
1536775302,0x000010c0
1536775290,0x00000c00
1536775284,0x00000d00
1536775281,0x00000d00
1536775278,0x0000052b
1536775278,0x000015e7
1536775277,0x00001a55
1536775276,0x00001959
1536775275,0x00000fc0
1536775275,0x00000666
1536775274,0x00000fc0
1536775274,0x0000181e
1536775273,0x0000191a
1536775272,0x00001722
1536775271,0x00000fc0
1536775270,0x00000fc0
1536775258,0x00000c00
1536775252,0x00000d00
1536775249,0x00000d00
1536775230,0x00002180
1536775230,0x00002f5f
1536775228,0x000002e1
1536775227,0x000010c0
1536775226,0x000010c0
1536775226,0x00002180
1536775226,0x0000252a
1536775224,0x00000d16
1536775223,0x000010c0
1536775222,0x000010c0
1536775217,0x000001b0
1536775210,0x00000a50
1536775203,0x00000d00
1536775200,0x00000d00
1536775199,0x00000372
1536775198,0x000013ef
1536775197,0x00001c0e
1536775196,0x00001b51
1536775195,0x00000fc0
1536775195,0x00000762
1536775194,0x00000fc0
1536775194,0x00001a55
1536775193,0x0000181e
1536775192,0x000014eb
1536775191,0x00000fc0
1536775190,0x00000fc0
1536775178,0x00000c00
1536775175,0x00000a5c
1536775172,0x000002a4
1536775169,0x00000d00
1536775167,0x00000b41
1536775167,0x00000b41
1536775165,0x0000163f
1536775165,0x0000241e
1536775163,0x000010c0
1536775163,0x000013a1
1536775163,0x00000bc7
1536775162,0x00003802
1536775161,0x00002679
1536775160,0x00000afe
1536775149,0x00000690
1536775147,0x00001000
1536775142,0x00000270
1536775139,0x00000d00
1536775136,0x00001f80
1536775136,0x000026e2
1536775134,0x0000085e
1536775133,0x00000fc0
1536775132,0x00000fc0
1536775131,0x00000bd0
1536775131,0x00002a15
1536775130,0x00002370
1536775129,0x0000052b
1536775128,0x00000fc0
1536775116,0x00000c00
1536775116,0x00002200
1536775110,0x00000d00
1536775107,0x00000d00
1536775088,0x00000ff7
1536775087,0x00002180
1536775086,0x00002249
1536775085,0x000010c0
1536775084,0x000010c0
1536775084,0x00001c87
1536775083,0x00002180
1536775082,0x000015b9
1536775081,0x000010c0
1536775080,0x000010c0
1536775068,0x00000c00
1536775062,0x00000d00
1536775059,0x00000d00
1536775057,0x000001b9
1536775057,0x00001275
1536775056,0x00001dc7
1536775055,0x00001ccb
1536775054,0x00000fc0
1536775053,0x00000fc0
1536775053,0x000008dc
1536775052,0x00002f40
1536775051,0x00002664
1536775050,0x00000fc0
1536775038,0x00000c00
1536775031,0x00000d00
1536775029,0x00000d00
1536775007,0x00000324
1536775006,0x00001576
1536775005,0x00001e5c
1536775004,0x00001cca
1536775003,0x000010c0
1536775003,0x0000029e
1536775001,0x000010c0
1536775001,0x00001a2c
1536775001,0x00001ee2
1536775000,0x00001814
1536774999,0x000010c0
1536774998,0x000010c0
1536774986,0x00000c00
1536774980,0x00000d00
1536774977,0x00000d00
1536774974,0x00001b12
1536774973,0x00002f40
1536774972,0x0000142e
1536774971,0x00000fc0
1536774970,0x00001f80
1536774970,0x00002664
1536774968,0x000008dc
1536774967,0x00000fc0
1536774966,0x00000fc0
1536774954,0x00000c00
1536774948,0x00000d00
1536774945,0x00000d00
1536774933,0x000003ed
1536774932,0x00001576
1536774930,0x00001d93
1536774930,0x00001cca
1536774929,0x000010c0
1536774929,0x00000abb
1536774928,0x000010c0
1536774928,0x00001d0d
1536774927,0x000016c5
1536774926,0x00001533
1536774925,0x000010c0
1536774924,0x000010c0
1536774912,0x00000c00
1536774906,0x00000d00
1536774903,0x00000d00
1536774900,0x00001f80
1536774900,0x0000289b
1536774897,0x00000fc0
1536774897,0x00000e46
1536774897,0x00001665
1536774896,0x00001f80
1536774895,0x000020fa
1536774894,0x00000fc0
1536774893,0x00000fc0
1536774881,0x00000c00
1536774875,0x00000d00
1536774874,0x00002200
1536774872,0x00000d00
1536774867,0x0000131b
1536774866,0x00002180
1536774865,0x00001f25
1536774864,0x000010c0
1536774863,0x000010c0
1536774863,0x0000178e
1536774862,0x00002180
1536774861,0x00001ab2
1536774860,0x000010c0
1536774859,0x000010c0
1536774847,0x00000c00
1536774841,0x00000d00
1536774838,0x00000d00
1536774835,0x00002625
1536774835,0x00002a93
1536774833,0x0000091b
1536774833,0x0000146d
1536774833,0x00000d4a
1536774833,0x00000d4a
1536774831,0x00001236
1536774831,0x00002178
1536774829,0x0000103e
1536774828,0x00000fc0
1536774816,0x00000c00
1536774810,0x00000d00
1536774807,0x00000d00
1536774710,0x000003aa
1536774709,0x0000146a
1536774708,0x00001dd6
1536774707,0x000019e9
1536774705,0x000010c0
1536774705,0x000014ad
1536774704,0x00000e65
1536774704,0x00002074
1536774703,0x0000131b
1536774702,0x000011cc
1536774701,0x000010c0
1536774700,0x000010c0
1536774696,0x00002200
1536774695,0x00002200
1536774693,0x00002200
1536774688,0x00000c00
1536774682,0x00000d00
1536774679,0x00000d00
1536774678,0x000000bd
1536774677,0x000011f7
1536774676,0x00001ec3
1536774675,0x00001d49
1536774674,0x00000fc0
1536774674,0x000006e4
1536774673,0x00000fc0
1536774673,0x0000189c
1536774672,0x0000189c
1536774671,0x000016a4
1536774670,0x00000fc0
1536774669,0x00000fc0
1536774657,0x00001898
1536774651,0x00000068
1536774648,0x00000d00
1536774627,0x00001bbe
1536774627,0x00002355
1536774625,0x00001682
1536774625,0x00001fab
1536774625,0x00001295
1536774623,0x00002180
1536774623,0x00001fab
1536774622,0x000010c0
1536774621,0x000010c0
1536774609,0x00000c00
1536774603,0x00000d00
1536774600,0x00000d00
1536774598,0x000007e0
1536774597,0x000017df
1536774596,0x000017a0
1536774595,0x00001761
1536774594,0x00000fc0
1536774594,0x00000762
1536774593,0x00000fc0
1536774593,0x000018db
1536774592,0x0000181e
1536774591,0x00001665
1536774590,0x00000fc0
1536774589,0x00000f03
1536774589,0x00001053
1536774587,0x000000bd
1536774587,0x0000216d
1536774584,0x00000ae0
1536774577,0x00000120
1536774571,0x00000d00
1536774568,0x00000d00
1536774566,0x00000d9c
1536774565,0x00002180
1536774564,0x000024a4
1536774563,0x000010c0
1536774562,0x000010c0
1536774562,0x000013a1
1536774561,0x00002180
1536774560,0x00001e9f
1536774559,0x000010c0
1536774558,0x000010c0
1536774546,0x00000c00
1536774543,0x00002200
1536774540,0x00000d00
1536774537,0x00000d00
1536774535,0x0000007e
1536774534,0x000016e3
1536774533,0x00002ec2
1536774532,0x0000185d
1536774532,0x0000081f
1536774531,0x00000fc0
1536774531,0x000021b7
1536774530,0x00002721
1536774529,0x00000d89
1536774528,0x00000fc0
1536774516,0x00000c00
1536774516,0x00002200
1536774512,0x00000548
1536774510,0x000007b8
1536774507,0x00000d00
1536774494,0x00000ff7
1536774493,0x00002180
1536774492,0x00002249
1536774491,0x000010c0
1536774490,0x000010c0
1536774490,0x000014f0
1536774489,0x00002180
1536774488,0x00001d50
1536774487,0x000010c0
1536774486,0x000010c0
1536774474,0x00000c00
1536774469,0x000002d8
1536774467,0x00000ea0
1536774465,0x00000888
1536774462,0x00001f80
1536774462,0x000023ee
1536774460,0x00000fc0
1536774460,0x00001b12
1536774459,0x00001f80
1536774459,0x00002625
1536774457,0x0000091b
1536774456,0x00000fc0
1536774455,0x00000fc0
1536774447,0x000001e0
1536774443,0x00000a20
1536774437,0x00000d00
1536774434,0x00000d00
1536774434,0x00000cc0
1536774432,0x00001540
1536774411,0x00002636
1536774410,0x00003240
1536774409,0x00000c0a
1536774408,0x00000605
1536774408,0x000010c0
1536774408,0x00002fe5
1536774407,0x00002c3b
1536774406,0x0000131b
1536774406,0x00000440
1536774397,0x00001dc0
1536774394,0x00000c00
1536774393,0x00002200
1536774388,0x00000d00
1536774385,0x00000d00
1536774383,0x0000085e
1536774382,0x0000085e
1536774381,0x00001722
1536774381,0x000022b3
1536774379,0x00000fc0
1536774379,0x000013ef
1536774379,0x00000ec4
1536774378,0x00001f80
1536774377,0x0000207c
1536774376,0x00000fc0
1536774375,0x00000fc0
1536774363,0x00000d04
1536774357,0x00000bfc
1536774354,0x00000d00
1536774345,0x00002200
1536774342,0x000003aa
1536774342,0x000003aa
1536774340,0x00001dd6
1536774340,0x000026ff
1536774338,0x000010c0
1536774338,0x00001857
1536774338,0x00000ea8
1536774337,0x00002074
1536774336,0x000012d8
1536774335,0x000011cc
1536774334,0x000010c0
1536774333,0x000010c0
1536774333,0x00002200
1536774321,0x00000c00
1536774315,0x00001658
1536774312,0x000003a8
1536774310,0x00001179
1536774309,0x00001f80
1536774308,0x00001dc7
1536774307,0x00000fc0
1536774306,0x00000fc0
1536774306,0x000012f3
1536774305,0x00001f80
1536774304,0x00001c4d
1536774303,0x00000fc0
1536774302,0x00000fc0
1536774290,0x00000c00
1536774285,0x00000514
1536774284,0x000007ec
1536774281,0x00000d00
1536774275,0x00002200
1536774268,0x0000053c
1536774266,0x00001857
1536774266,0x00001c44
1536774265,0x000019e9
1536774264,0x000010c0
1536774263,0x000010c0
1536774263,0x00002180
1536774262,0x00002fe5
1536774260,0x0000025b
1536774259,0x000010c0
1536774258,0x000010c0
1536774246,0x00000c00
1536774240,0x00000d00
1536774237,0x00000d00
1536774235,0x000020fa
1536774235,0x0000189c
1536774233,0x000016a4
1536774233,0x00001e06
1536774233,0x00000c8d
1536774232,0x00001ec3
1536774231,0x000012f3
1536774230,0x0000107d
1536774229,0x00000fc0
1536774228,0x00000fc0
1536774218,0x000000c0
1536774216,0x00000b40
1536774210,0x00000d00
1536774207,0x00000d00
1536774206,0x00000198
1536774199,0x00002068
1536774119,0x000000c9
1536774118,0x0000213d
1536774116,0x00003177
1536774116,0x00001103
1536774115,0x000010c0
1536774115,0x000025b0
1536774114,0x00003240
1536774113,0x00000c90
1536774112,0x000010c0
1536774100,0x00000c00
1536774094,0x00000d00
1536774091,0x00000d00
1536774088,0x00002ad2
1536774087,0x00002f40
1536774086,0x0000142e
1536774086,0x00001e84
1536774085,0x00002f40
1536774084,0x0000207c
1536774081,0x000009d8
1536774072,0x00000c00
1536774066,0x00000d00
1536774063,0x00000d00
1536774044,0x000006ce
1536774043,0x0000178e
1536774042,0x00001ab2
1536774041,0x00001ab2
1536774040,0x000010c0
1536774040,0x000004f9
1536774039,0x000010c0
1536774039,0x00001682
1536774038,0x00001c87
1536774037,0x00001bbe
1536774036,0x000010c0
1536774035,0x000010c0
1536774023,0x00000c00
1536774017,0x00000d00
1536774014,0x00000d00
1536774012,0x00000a95
1536774011,0x00001a55
1536774010,0x000014eb
1536774009,0x000014eb
1536774008,0x00000fc0
1536774007,0x00000fc0
1536774007,0x00001fbf
1536774006,0x00002f40
1536774005,0x00000f81
1536774004,0x00000fc0
1536773992,0x00000c00
1536773986,0x00000d00
1536773983,0x00000d00
1536773981,0x000002e1
1536773980,0x00001533
1536773979,0x00001e9f
1536773978,0x00001d0d
1536773977,0x000010c0
1536773977,0x00000218
1536773976,0x000010c0
1536773976,0x00001a2c
1536773975,0x00001f68
1536773975,0x00002200
1536773974,0x00001814
1536773973,0x00002200
1536773973,0x000010c0
1536773972,0x000010c0
1536773962,0x00002200
1536773960,0x00000c00
1536773954,0x00000d00
1536773953,0x000031c0
1536773951,0x000031c0
1536773951,0x00000d00
1536773949,0x000031c0
1536773949,0x000001b9
1536773948,0x000014eb
1536773947,0x00001dc7
1536773946,0x00001a55
1536773945,0x000031c0
1536773945,0x00000fc0
1536773944,0x000003f0
1536773944,0x00000fc0
1536773944,0x00001bcf
1536773942,0x00002b50
1536773942,0x00001371
1536773941,0x00000fc0
1536773929,0x00000c00
1536773926,0x000031c0
1536773924,0x00000a90
1536773922,0x00002200
1536773922,0x00000af8
1536773920,0x00000478
1536773918,0x00000e65
1536773918,0x00000e65
1536773916,0x0000131b
1536773916,0x00002398
1536773914,0x00001103
1536773914,0x000010c0
1536773914,0x00002200
1536773913,0x00002180
1536773913,0x000024e7
1536773911,0x00001e19
1536773910,0x000010c0
1536773898,0x00000c00
1536773892,0x00000d00
1536773889,0x00000d00
1536773887,0x0000056a
1536773886,0x000015e7
1536773885,0x00001a16
1536773884,0x00001959
1536773883,0x00000fc0
1536773883,0x00000d4a
1536773882,0x00000fc0
1536773882,0x00001d0a
1536773881,0x00001236
1536773880,0x00001236
1536773879,0x00000fc0
1536773878,0x00000fc0
1536773866,0x00000c00
1536773861,0x00002200
1536773860,0x00000d00
1536773857,0x00000d00
1536773855,0x00002200
1536773855,0x00001430
1536773853,0x00000dd0
1536773835,0x00000ea8
1536773835,0x00000ea8
1536773833,0x000012d8
1536773833,0x00002312
1536773831,0x000010c0
1536773831,0x00001146
1536773831,0x0000107d
1536773830,0x00002180
1536773829,0x000021c3
1536773828,0x000010c0
1536773827,0x000010c0
1536773815,0x00000c00
1536773809,0x00000d00
1536773806,0x00000d00
1536773803,0x0000052b
1536773803,0x0000152a
1536773802,0x00001a55
1536773801,0x00001a16
1536773800,0x00000fc0
1536773800,0x00000723
1536773799,0x00000fc0
1536773799,0x0000185d
1536773798,0x0000185d
1536773797,0x000016e3
1536773796,0x00000fc0
1536773795,0x00000fc0
1536773791,0x00002200
1536773783,0x00000c00
1536773777,0x00000d00
1536773774,0x00000d00
1536773761,0x00002355
1536773760,0x00003240
1536773759,0x00000eeb
1536773759,0x00000367
1536773758,0x000010c0
1536773758,0x00001ab2
1536773757,0x00001e19
1536773756,0x0000178e
1536773755,0x000010c0
1536773754,0x000010c0
1536773724,0x000013b0
1536773723,0x00000fc0
1536773722,0x00000fc0
1536773710,0x00000c00
1536773704,0x00000d00
1536773701,0x00000d00
1536773678,0x00002200
1536773675,0x00002200
1536773667,0x00000a35
1536773667,0x00001af5
1536773666,0x0000174b
1536773665,0x0000174b
1536773664,0x000010c0
1536773663,0x00000afe
1536773663,0x000010c0
1536773663,0x00001d93
1536773662,0x00001682
1536773661,0x000014ad
1536773660,0x000010c0
1536773659,0x000010c0
1536773647,0x00000c00
1536773641,0x0000141c
1536773638,0x000005e4
1536773635,0x00002200
1536773635,0x00002e83
1536773635,0x00002274
1536773633,0x00000ccc
1536773633,0x0000107d
1536773633,0x00000f42
1536773632,0x00001f41
1536773631,0x0000103e
1536773630,0x00000fff
1536773629,0x00000fc0
1536773628,0x00000fc0
1536773617,0x00002200
1536773616,0x00000c00
1536773610,0x00000d00
1536773607,0x00000d00
1536773590,0x00002200
1536773557,0x00002200
1536773539,0x00000ea8
1536773539,0x00000ea8
